PIN,Longitude,Latitude,elevation_m
14110026,-72.842965,41.26324,12.882119178771973
14110073,-72.098824,41.31061,1.8993356227874756
14110097,-72.825233,41.265235,5.050451755523682
14110130,-73.113418,41.154187,8.614421844482422
14110158,-72.892247,41.269442,4.768783092498779
14110283,-72.590936,41.271396,3.0570614337921143
14110306,-72.866106,41.262037,6.427703380584717
14110460,-73.227853,41.151676,4.9096150398254395
14110521,-73.401936,41.097606,4.726983070373535
14110705,-73.41296,41.09104,2.4506194591522217
14110795,-72.409665,41.278467,1.5793933868408203
14110835,-72.869213,41.250827,6.750666618347168
14111009,-72.875095,41.252138,8.305551528930664
14111195,-72.843136,41.263249,11.24112606048584
14111263,-73.262427,41.118521,1.9974303245544434
14111356,-73.565226,41.026718,5.819156646728516
14111414,-71.951395,41.333562,4.966017723083496
14111417,-72.74764,41.262987,5.82204532623291
14111533,-72.258703,41.29592,6.341230869293213
14111979,-72.509886,41.257506,4.337037563323975
14112233,-73.021191,41.216808,4.0900774002075195
14112830,-72.671783,41.273264,3.6299099922180176
14112939,-72.389576,41.284367,3.5670886039733887
14113052,-72.534316,41.274535,3.54392409324646
14113238,-72.951362,41.257162,2.904982328414917
14113321,-72.87149,41.272302,6.032566547393799
14113528,-72.951603,41.258669,3.559049367904663
14113535,-72.877499,41.247199,7.686539173126221
14113573,-72.124024,41.305779,6.122539520263672
14113747,-73.363262,41.148104,2.749868154525757
14113786,-73.378189,41.111747,4.571898460388184
14113845,-72.398399,41.283446,3.1015968322753906
14114093,-72.874609,41.248757,6.033912658691406
14114238,-72.09998,41.449027,7.641313076019287
14114246,-73.044642,41.222746,7.7254958152771
14114416,-72.892012,41.262933,1.2537468671798706
14114504,-72.891011,41.258406,0.9657312035560608
14114557,-73.13699,41.180577,2.7816109657287598
14114788,-72.374857,41.267229,4.584061622619629
14114983,-72.574894,41.273861,5.442535400390625
14115121,-73.133679,41.149609,2.0339179039001465
14115175,-73.546153,41.059036,6.184445381164551
14115208,-73.045412,41.222727,7.7459845542907715
14115448,-73.126846,41.15008,6.283267974853516
14115471,-72.995086,41.233457,4.84453821182251
14115500,-73.41681,41.103296,3.8297781944274902
14115584,-73.373524,41.098601,1.9506571292877197
14115740,-72.09099,41.318478,2.703838348388672
14115945,-72.8889,41.31184,2.1478195190429688
14116133,-72.865395,41.265139,2.775094509124756
14116239,-73.101104,41.185923,2.7199831008911133
14116324,-72.859843,41.251094,8.11413288116455
14116519,-73.002884,41.223664,1.7627499103546143
14116754,-73.527295,41.035422,9.342741966247559
14116784,-72.75011,41.264914,6.911876201629639
14116881,-73.2906,41.130519,3.8868484497070312
14117014,-72.793901,41.260821,2.683837413787842
14117203,-73.445812,41.071783,4.489709854125977
14117757,-72.857692,41.368984,10.717336654663086
14117763,-72.951461,41.285265,8.024181365966797
14117781,-73.023959,41.210441,5.572907447814941
14117818,-73.219998,41.153932,3.113030433654785
14117963,-72.871144,41.250454,6.811761379241943
14118159,-73.488512,41.045767,2.400895595550537
14118258,-72.172397,41.3516,17.738576889038086
14118277,-73.114583,41.170508,2.7085328102111816
14118578,-72.893424,41.260467,2.698784112930298
14118628,-72.231791,41.300249,8.032539367675781
14118865,-73.361323,41.149838,14.173032760620117
14118890,-72.589862,41.27225,2.4418838024139404
14119015,-72.806676,41.28056,7.819042205810547
14119351,-72.092036,41.440515,12.650747299194336
14119435,-71.840341,41.360477,4.83148717880249
14119617,-72.108895,41.399639,8.767621040344238
14119761,-73.187899,41.187967,2.6352481842041016
14119802,-72.899975,41.253822,8.834060668945312
14120409,-72.226971,41.301527,5.158657073974609
14120577,-72.517474,41.263852,1.7933118343353271
14120993,-72.173419,41.330049,3.1693975925445557
14121238,-73.191569,41.168356,4.237161636352539
14121279,-73.274301,41.144893,6.3982954025268555
14121979,-72.100161,41.337723,1.486140251159668
14122125,-72.851723,41.258609,5.02150821685791
14122236,-73.225939,41.160262,7.200433254241943
14122339,-73.449347,41.071003,4.095770835876465
14122611,-72.997297,41.223559,4.57398796081543
14122928,-73.021811,41.211481,2.7873761653900146
14123081,-72.484918,41.271878,3.5610382556915283
14123095,-72.863692,41.256654,12.951141357421875
14123230,-72.85024,41.259399,7.001880645751953
14123487,-72.397146,41.28523,3.1417489051818848
14123611,-72.646008,41.26805,6.210533142089844
14123632,-72.669932,41.273554,3.1787524223327637
14123923,-72.30356,41.305352,7.641756057739258
14123997,-73.04816,41.214544,5.4825286865234375
14124021,-72.796384,41.263006,2.03397798538208
14124145,-71.835499,41.37821,5.063178062438965
14124202,-72.486045,41.280135,9.392684936523438
14124350,-72.799059,41.276165,3.116584300994873
14124470,-72.893869,41.263917,2.4780168533325195
14124672,-72.125951,41.315955,14.846037864685059
14124675,-73.117623,41.19621,4.183366775512695
14124748,-72.47348,41.269964,1.806140422821045
14124915,-72.386491,41.267117,4.752569198608398
14124917,-73.353359,41.107601,2.2781851291656494
14125062,-72.89277,41.246864,2.785553216934204
14125085,-73.080107,41.197495,2.6557586193084717
14125602,-72.244773,41.321619,27.86534881591797
14125615,-73.238297,41.148801,2.196165084838867
14125881,-73.123781,41.152057,7.551602840423584
14126715,-72.872002,41.390115,4.779553413391113
14126802,-73.622261,41.017526,7.416360378265381
14126831,-72.517459,41.263059,3.298898458480835
14127163,-73.243041,41.134007,1.5748438835144043
14127305,-73.268697,41.121659,1.404218077659607
14127488,-72.900686,41.271041,3.2314023971557617
14127610,-72.945521,41.258592,3.041038751602173
14127710,-72.648818,41.265956,3.82737398147583
14128050,-73.06415,41.20359,1.0044159889221191
14128159,-72.808667,41.253335,8.572773933410645
14128346,-73.347204,41.115666,6.611004829406738
14128357,-71.976973,41.343094,1.5957456827163696
14128451,-72.867615,41.264148,6.8570709228515625
14128591,-71.833812,41.375846,3.477888584136963
14128948,-72.384652,41.270648,2.4974308013916016
14129112,-73.010792,41.213317,16.543790817260742
14129249,-72.827367,41.271974,2.550748348236084
14129439,-73.263983,41.140164,3.866152286529541
14129473,-72.189036,41.324129,5.14309024810791
14129746,-73.219998,41.153932,3.113030433654785
14130004,-73.244429,41.142709,2.5097901821136475
14130081,-73.042809,41.221583,3.697646141052246
14130150,-72.533526,41.269698,3.0044360160827637
14130167,-72.206379,41.311764,2.50530743598938
14130348,-73.221861,41.158822,6.096582412719727
14130447,-73.658764,40.996041,11.1105318069458
14130500,-72.821063,41.262098,3.072330951690674
14130535,-73.365978,41.123278,6.945560455322266
14130768,-73.226417,41.154603,4.821361064910889
14130801,-72.137415,41.340999,4.200181007385254
14130901,-71.841665,41.355843,6.8588690757751465
14130955,-73.222917,41.155749,6.802937030792236
14131186,-73.38455,41.101114,4.25307035446167
14131278,-72.873027,41.315338,5.337031364440918
14131473,-71.932205,41.335991,4.5743536949157715
14131572,-72.433886,41.283474,9.442588806152344
14131775,-73.519552,41.044956,5.1989545822143555
14132006,-73.245379,41.14488,3.253984212875366
14132234,-72.579981,41.272155,2.492952823638916
14132342,-72.215012,41.308511,13.136924743652344
14132358,-73.034767,41.213242,5.35581636428833
14132428,-73.169307,41.17168,4.034546852111816
14132458,-73.268152,41.130732,3.787954807281494
14132655,-72.990088,41.236923,4.022707939147949
14132941,-73.418038,41.080032,2.725994348526001
14133108,-72.391968,41.28033,1.6752588748931885
14133109,-71.909792,41.348761,2.935203790664673
14133401,-72.890186,41.247752,4.907800197601318
14133444,-72.99153,41.238557,4.279459476470947
14133454,-72.88783,41.315319,8.585827827453613
14133490,-72.417032,41.28194,1.6743059158325195
14133598,-72.147525,41.318448,3.6560213565826416
14133604,-72.210141,41.308417,9.837908744812012
14133950,-73.480599,41.047743,4.329471588134766
14133952,-72.940931,41.269133,3.1313209533691406
14134119,-72.870025,41.259061,5.15809440612793
14134211,-72.387534,41.283462,3.078998327255249
14134327,-72.805954,41.277139,5.268572807312012
14134382,-72.576515,41.271885,5.888827323913574
14134568,-72.421252,41.286043,4.113837242126465
14134744,-72.996856,41.229532,5.656358242034912
14134824,-72.80712,41.278724,8.281858444213867
14134889,-72.385782,41.281038,2.5572431087493896
14135320,-72.530846,41.270121,3.6212735176086426
14135371,-72.959368,41.324374,7.1157145500183105
14135484,-72.420707,41.279911,2.815727472305298
14135671,-72.821146,41.262083,3.072330951690674
14135785,-73.120733,41.155054,8.7810640335083
14135862,-73.030444,41.210841,5.039278507232666
14136144,-72.526689,41.284687,10.515602111816406
14136164,-73.051077,41.215402,4.184763431549072
14136288,-73.226116,41.14536,9.411210060119629
14136365,-72.420975,41.277053,6.031362056732178
14136411,-73.52867,41.020304,2.615222215652466
14136582,-72.131038,41.30451,12.918224334716797
14136697,-73.430098,41.067492,1.648016333580017
14136729,-72.943878,41.262644,3.4815704822540283
14137113,-72.70722,41.245634,1.4120500087738037
14137177,-71.961584,41.354074,3.0710387229919434
14137222,-71.96738,41.354557,2.11118483543396
14137233,-72.380555,41.393966,9.085115432739258
14137365,-71.896028,41.343831,7.395741939544678
14137543,-72.102717,41.310491,2.3675386905670166
14137643,-71.843438,41.34868,10.427454948425293
14137646,-73.241148,41.15344,5.816901683807373
14137711,-73.527023,41.02375,10.480572700500488
14138078,-72.809361,41.279183,7.886720180511475
14138207,-72.811386,41.270689,7.063741683959961
14138605,-73.104064,41.220686,5.8191752433776855
14138648,-72.394832,41.293749,5.454751968383789
14138722,-72.811527,41.281529,10.177793502807617
14138842,-73.004929,41.220534,2.5183322429656982
14139011,-73.26051,41.136159,2.1985747814178467
14139069,-72.802075,41.278906,5.760169982910156
14139204,-72.313414,41.291412,2.7420785427093506
14139322,-73.014084,41.210923,6.095460891723633
14139393,-72.176508,41.351925,7.54384183883667
14139462,-72.828278,41.269908,4.4213128089904785
14139568,-72.893082,41.303613,2.838196277618408
14139635,-72.773592,41.264076,1.5193830728530884
14139771,-73.167483,41.173632,4.783418655395508
14139998,-72.819499,41.266878,6.9492387771606445
14140072,-72.793901,41.260821,2.683837413787842
14140447,-72.873125,41.315123,5.009764671325684
14140515,-71.970413,41.357099,1.3258904218673706
14140854,-72.839275,41.260936,6.157357215881348
14141097,-72.215704,41.310649,12.530227661132812
14141107,-73.168259,41.172398,4.3769378662109375
14141157,-72.944108,41.281496,6.933036804199219
14141483,-72.810141,41.283357,6.824476718902588
14141501,-73.315773,41.122544,3.712871789932251
14141960,-73.128839,41.150692,4.89073371887207
14141974,-72.833014,41.258106,4.057933330535889
14142425,-72.384486,41.274642,3.0524709224700928
14142556,-72.209564,41.313536,2.7027549743652344
14142560,-72.687681,41.285426,1.852376103401184
14142663,-72.872405,41.271691,5.140007495880127
14142962,-72.790511,41.262803,4.140631675720215
14142973,-73.126341,41.189901,4.280235290527344
14143157,-72.797686,41.261208,1.2265069484710693
14143361,-72.425037,41.275841,6.770848274230957
14143499,-73.243071,41.131134,1.2583897113800049
14143589,-73.508858,41.041441,7.032736301422119
14143846,-72.999705,41.223586,3.7952656745910645
14144067,-73.413258,41.083414,2.058349370956421
14144110,-72.502837,41.27039,2.315916061401367
14144200,-73.600598,41.031328,8.689966201782227
14144428,-71.847255,41.353002,25.080371856689453
14144500,-73.233379,41.155521,4.123363018035889
14144546,-73.08178,41.194818,3.0771920680999756
14144651,-73.00302,41.223957,2.6952474117279053
14144727,-72.869807,41.249046,7.181106090545654
14144814,-71.835661,41.37255,8.881418228149414
14144818,-73.056916,41.21906,7.484577178955078
14144908,-73.436156,41.062537,2.925178289413452
14145121,-72.873005,41.315386,5.139431476593018
14145122,-73.444456,41.062266,4.3330841064453125
14145140,-72.975295,41.234347,6.408507823944092
14145174,-72.708561,41.24949,4.5185065269470215
14145229,-72.86536,41.278203,3.374868631362915
14145694,-73.039735,41.204852,9.074800491333008
14145901,-72.799635,41.280198,9.157264709472656
14145954,-73.22337,41.153552,5.511081218719482
14146281,-73.060129,41.208053,2.6973671913146973
14146652,-73.132001,41.152112,5.178393840789795
14146731,-73.413664,41.082584,1.9599850177764893
14146768,-73.228969,41.150091,8.265127182006836
14146787,-71.899015,41.341878,8.40726375579834
14147066,-73.227288,41.15252,3.721104383468628
14147118,-73.230734,41.156281,4.383708477020264
14147136,-73.079938,41.202233,12.71075439453125
14147258,-73.352845,41.110438,2.260568618774414
14147571,-73.226748,41.154325,4.119087219238281
14147959,-73.604212,41.029431,11.987173080444336
14147989,-73.571228,41.030691,3.1876819133758545
14148169,-73.45728,41.056596,2.270050525665283
14148253,-73.119259,41.152935,7.260024070739746
14148281,-72.940868,41.25974,3.011803150177002
14148450,-73.061107,41.209561,4.374929904937744
14148482,-72.23712,41.306922,4.200544834136963
14148492,-72.055376,41.34023,4.251378059387207
14148524,-72.943586,41.259137,3.025510549545288
14148734,-72.592718,41.272369,3.620621919631958
14148834,-72.590674,41.273151,4.459263324737549
14148968,-73.403734,41.093964,3.5377116203308105
14149092,-73.374965,41.115106,5.714404106140137
14149118,-73.137789,41.176581,2.5088233947753906
14149174,-73.415317,41.089024,2.184443473815918
14149241,-73.139317,41.173214,2.1581711769104004
14149420,-73.622555,41.015439,6.271462440490723
14149526,-72.083984,41.35747,5.3558173179626465
14149543,-72.986528,41.236699,2.7830395698547363
14149638,-73.252414,41.132642,1.6550215482711792
14150395,-72.08395,41.35572,5.6724042892456055
14150402,-73.531086,41.031251,2.4190921783447266
14150816,-73.339763,41.126631,13.418341636657715
14150928,-73.104564,41.192933,5.235135555267334
14151655,-72.570157,41.278427,6.8529133796691895
14151888,-73.265043,41.138923,1.690909743309021
14152244,-72.213606,41.299723,10.024038314819336
14152245,-73.125234,41.157304,5.632364749908447
14152257,-72.361714,41.321517,8.233935356140137
14152466,-72.209564,41.313536,2.7027549743652344
14152508,-73.05949,41.209838,4.332509994506836
14152571,-71.899837,41.346239,6.201775550842285
14152732,-73.560559,41.027778,6.009634494781494
14152914,-72.843805,41.266838,4.719425201416016
14152947,-73.315773,41.122544,3.712871789932251
14153550,-72.862272,41.254449,9.120606422424316
14153668,-73.085518,41.19127,2.396054744720459
14153925,-72.049084,41.340719,3.006532669067383
14153943,-72.554394,41.277684,4.214839935302734
14154169,-72.873027,41.315338,5.337031364440918
14154294,-73.415442,41.091105,3.0169761180877686
14154338,-73.354627,41.109215,2.786623954772949
14154391,-73.400196,41.097709,4.617544174194336
14154787,-72.697804,41.256872,17.173158645629883
14154969,-73.117813,41.156493,7.225241661071777
14155365,-72.807905,41.269096,5.395251274108887
14155542,-72.521072,41.276499,5.08378267288208
14155658,-71.958364,41.359533,14.823169708251953
14155987,-73.5711,41.027333,2.452975034713745
14156010,-72.821667,41.27414,5.995975017547607
14156033,-72.982397,41.236216,3.884681463241577
14156280,-72.848166,41.262069,11.34033203125
14156358,-72.107382,41.315376,6.162088394165039
14156414,-73.270115,41.121472,2.0457427501678467
14156499,-73.400049,41.088378,1.9297525882720947
14156599,-72.14394,41.309894,8.367219924926758
14156800,-72.937157,41.275039,6.292402744293213
14156852,-73.481403,41.063773,4.006867408752441
14157011,-72.98733,41.235099,2.0485408306121826
14157058,-73.227583,41.15677,7.33090877532959
14157097,-72.143401,41.310129,8.840580940246582
14157191,-73.432959,41.067522,10.362892150878906
14157528,-72.811605,41.269148,9.675313949584961
14157535,-72.186056,41.33681,6.476006507873535
14157700,-73.227939,41.153522,5.433081150054932
14157716,-72.388183,41.264799,3.861665725708008
14157968,-72.96336,41.249621,3.1407172679901123
14157983,-71.943808,41.350461,20.3553409576416
14158113,-73.519552,41.044956,5.1989545822143555
14158122,-72.324165,41.314136,4.465115070343018
14158211,-72.926401,41.298511,3.035801887512207
14158408,-73.478765,41.043322,13.622763633728027
14158528,-73.221034,41.154248,3.226583480834961
14158541,-72.376028,41.278306,2.773435354232788
14158575,-72.378884,41.26669,4.056804180145264
14158739,-72.813391,41.269377,2.503739356994629
14158919,-72.794369,41.2798,6.379943370819092
14158991,-73.058821,41.210138,4.8373823165893555
14159395,-72.679289,41.256415,7.070717811584473
14159545,-72.808126,41.258035,5.247098922729492
14159548,-73.060672,41.211395,7.8280205726623535
14159566,-72.641281,41.284328,1.6765670776367188
14159653,-72.142037,41.310091,12.433741569519043
14159824,-72.936068,41.266281,1.7662733793258667
14159989,-73.233379,41.155521,4.123363018035889
14160091,-72.887707,41.245303,1.338023066520691
14160323,-72.207246,41.306207,3.9697346687316895
14160367,-72.550081,41.278566,4.508346080780029
14160378,-72.869395,41.251336,6.610764026641846
14160419,-72.382116,41.265468,5.5392560958862305
14160631,-71.95912,41.365319,15.526937484741211
14160858,-73.137083,41.184383,3.3331429958343506
14160908,-72.47938,41.271875,5.42349910736084
14161118,-71.845625,41.356297,11.243370056152344
14161476,-73.566784,41.027117,7.291027545928955
14161553,-73.143652,41.17825,2.1706297397613525
14161691,-72.106745,41.329459,9.471722602844238
14161764,-72.46971,41.276636,6.595252513885498
14161779,-73.547672,41.034961,7.396363258361816
14161823,-73.227699,41.156688,7.361176013946533
14161824,-73.599693,41.040699,6.041233062744141
14161861,-72.171795,41.35469,11.516461372375488
14162101,-73.226755,41.158884,5.95555305480957
14162121,-73.131332,41.149975,3.29193377494812
14162289,-72.399748,41.282419,3.1470460891723633
14162304,-73.595618,41.034716,3.7115583419799805
14162618,-71.962336,41.348464,1.5111207962036133
14162827,-72.814362,41.267986,4.98481559753418
14162988,-72.861711,41.2482,8.730557441711426
14163027,-72.86955,41.247377,3.77913498878479
14163072,-72.234419,41.306186,31.582677841186523
14163242,-72.821101,41.261948,2.595048189163208
14163339,-73.169113,41.17494,4.670718193054199
14163359,-72.89223,41.262141,1.353173851966858
14163383,-73.253714,41.138331,2.7777152061462402
14163820,-73.038798,41.214695,5.095301628112793
14163872,-71.962644,41.356006,2.246814727783203
14163952,-72.831287,41.261488,13.123940467834473
14163973,-73.018266,41.209117,8.473079681396484
14163990,-73.114134,41.157665,4.631705284118652
14164149,-73.346387,41.117316,2.5152382850646973
14164253,-72.873174,41.315004,4.595997333526611
14164478,-72.929871,41.281395,2.4605724811553955
14164564,-72.632173,41.277922,5.63078498840332
14164972,-72.308241,41.31543,8.83187484741211
14165012,-72.104763,41.317124,7.941886901855469
14165115,-72.871185,41.250951,6.986295700073242
14165173,-72.824969,41.265805,3.0522186756134033
14165219,-72.790836,41.291425,5.968194484710693
14165398,-71.842006,41.343539,6.6618123054504395
14165525,-73.382831,41.101731,4.100198268890381
14165638,-72.877547,41.245912,6.262810707092285
14165712,-72.809318,41.287449,10.956010818481445
14165843,-72.861637,41.248138,7.226612091064453
14165896,-73.222467,41.163834,9.983901023864746
14165995,-72.88114,41.311822,14.96040153503418
14166051,-73.02299,41.217256,4.691562175750732
14166080,-73.024239,41.208471,1.7112497091293335
14166397,-72.802071,41.269004,3.474367380142212
14166620,-72.589471,41.279573,5.4537353515625
14166816,-72.050691,41.341679,3.636357069015503
14166838,-72.137977,41.324172,33.817832946777344
14166847,-72.945167,41.2609,3.181558847427368
14166864,-72.825025,41.265521,5.232135772705078
14166946,-73.02149,41.209065,6.674272060394287
14167263,-73.222806,41.16587,4.757391929626465
14167333,-73.243661,41.143878,2.0013675689697266
14167409,-72.995182,41.244909,8.959330558776855
14167774,-73.414541,41.087771,2.6578915119171143
14167793,-72.877216,41.328672,4.738646030426025
14167894,-73.407725,41.099572,2.2762343883514404
14168108,-73.434121,41.057627,1.8141210079193115
14168313,-72.234703,41.301699,9.748284339904785
14168694,-72.205326,41.313746,8.253676414489746
14168851,-72.444425,41.280072,1.6712253093719482
14169211,-73.547921,41.030778,2.470412015914917
14169322,-73.169656,41.179292,5.539642333984375
14169338,-72.124649,41.30992,8.538984298706055
14169660,-72.209777,41.29532,14.733592987060547
14169720,-72.135593,41.331717,21.452892303466797
14169788,-72.140834,41.330466,23.258115768432617
14170081,-72.217679,41.305419,2.4395618438720703
14170135,-72.528187,41.27492,3.6868796348571777
14170285,-73.609642,41.021171,10.93541145324707
14170368,-73.596504,41.04206,5.447977066040039
14170405,-73.196166,41.167885,3.857403516769409
14170524,-73.273,41.133171,24.340410232543945
14170657,-72.951362,41.257162,2.904982328414917
14170964,-73.25403,41.138419,2.6939315795898438
14171014,-73.223175,41.153833,5.571547985076904
14171194,-73.020699,41.211634,2.6116650104522705
14171270,-72.485331,41.28125,3.0110464096069336
14171350,-72.937235,41.270214,4.290473937988281
14171535,-73.188185,41.167338,2.281377077102661
14171758,-72.396485,41.282194,2.3004095554351807
14171840,-73.104174,41.220593,5.8950676918029785
14171851,-73.39882,41.097399,7.520075798034668
14171919,-72.825031,41.274495,6.645427227020264
14171948,-72.873174,41.315004,4.595997333526611
14172005,-73.400196,41.097709,4.617544174194336
14172153,-72.359978,41.287321,2.9531381130218506
14172209,-73.591739,41.015082,1.3265215158462524
14172405,-71.958805,41.353452,22.40199089050293
14172418,-73.372606,41.097371,1.8699700832366943
14172472,-73.441053,41.06344,2.16538405418396
14172574,-73.221996,41.165897,6.330669403076172
14172621,-73.547933,41.032931,4.3074870109558105
14172654,-72.964289,41.259514,4.947639465332031
14173072,-72.94354,41.268304,2.6909899711608887
14173096,-73.142883,41.175979,2.3544230461120605
14173210,-72.878727,41.248938,8.376666069030762
14173328,-72.378152,41.284893,3.3411741256713867
14173537,-72.935847,41.266478,2.163437604904175
14173561,-73.495196,41.056995,3.428795099258423
14173658,-73.040941,41.211822,5.1607136726379395
14173688,-72.874422,41.385773,3.755927801132202
14173934,-73.136146,41.184667,2.098219394683838
14173977,-73.240484,41.144332,2.038635015487671
14174031,-72.598068,41.269944,2.776857852935791
14174045,-71.880903,41.357833,3.537905216217041
14174058,-72.07078,41.320761,1.5370674133300781
14174108,-72.485889,41.274632,6.306778907775879
14174216,-72.176926,41.357367,9.191230773925781
14174456,-73.015394,41.205092,2.270400047302246
14174489,-71.852318,41.356296,19.381696701049805
14174803,-72.384594,41.282456,2.988053321838379
14174965,-72.99056,41.227293,3.114293098449707
14175001,-72.873222,41.246214,1.7979146242141724
14175549,-72.519945,41.274022,5.919013500213623
14175757,-72.495662,41.289511,4.837043285369873
14175797,-72.871979,41.3179,4.611679553985596
14175917,-72.32858,41.300896,2.380181074142456
14176084,-73.52948,41.035132,2.49660062789917
14176144,-73.117375,41.198357,4.35721492767334
14176195,-72.893228,41.266707,3.8998348712921143
14176327,-73.014834,41.2065,4.311795711517334
14176611,-73.569743,41.016039,1.8392274379730225
14176622,-73.216864,41.164448,2.948397159576416
14176681,-72.312685,41.292086,3.52032732963562
14176723,-73.442278,41.065794,4.406010150909424
14176786,-73.250061,41.131996,2.6043319702148438
14176853,-72.961712,41.257834,2.7300631999969482
14177042,-73.405996,41.098465,2.0218420028686523
14177060,-72.648138,41.28555,3.9201271533966064
14177196,-73.548075,41.040263,7.215044021606445
14177219,-72.828524,41.269314,3.1435420513153076
14177766,-73.281977,41.135783,15.500580787658691
14177864,-73.456935,41.056877,2.989959478378296
14177909,-72.367218,41.327275,8.749305725097656
14178121,-72.670447,41.278663,2.5043840408325195
14178127,-72.896282,41.245616,1.7990328073501587
14178157,-71.96738,41.354557,2.11118483543396
14178630,-72.105638,41.32492,13.603825569152832
14178811,-72.875267,41.314064,7.536838054656982
14178850,-72.89416,41.255203,4.72785758972168
14179008,-72.187499,41.356071,7.949653625488281
14179016,-72.05061,41.336473,2.6713199615478516
14179104,-73.271998,41.150917,6.193450927734375
14179129,-72.818132,41.272025,3.847574472427368
14179179,-72.872075,41.268731,3.3670060634613037
14179242,-72.323774,41.334195,7.036628723144531
14179298,-71.836074,41.37647,6.4760870933532715
14179359,-72.949922,41.28637,7.532147407531738
14179448,-73.445458,41.073643,6.919353485107422
14179527,-72.907683,41.317913,6.100554943084717
14179737,-72.935939,41.288903,4.409748077392578
14179827,-71.967051,41.325678,8.881950378417969
14179993,-72.211696,41.296654,13.136216163635254
14180110,-73.132753,41.181588,3.082834482192993
14180223,-73.493963,41.05677,4.062481880187988
14180318,-73.438384,41.064382,7.149594306945801
14180404,-73.315773,41.122544,3.712871789932251
14180532,-73.057665,41.208289,4.050511360168457
14180742,-72.062101,41.322773,4.882450103759766
14180759,-71.945278,41.352695,11.804330825805664
14181047,-73.135499,41.177572,2.973196268081665
14181225,-72.593961,41.27046,2.705799102783203
14181367,-72.86317,41.245958,1.8489351272583008
14181409,-72.233032,41.307562,22.634916305541992
14181464,-72.060734,41.321391,5.3282036781311035
14181706,-73.415707,41.082728,2.1368322372436523
14181892,-73.144775,41.176576,1.7686450481414795
14181969,-73.269506,41.130261,10.322836875915527
14182074,-73.52336,41.041733,3.1597769260406494
14182218,-72.209538,41.309925,7.96566915512085
14182263,-73.090373,41.187711,3.048241376876831
14182308,-72.417918,41.283119,2.141944646835327
14182367,-72.586304,41.284971,9.851799964904785
14182383,-73.228452,41.155111,4.266312599182129
14182489,-72.058851,41.323333,9.16457462310791
14182595,-72.813845,41.278056,11.249114990234375
14182745,-73.0216,41.211796,3.144625663757324
14183129,-73.194383,41.165519,5.394628047943115
14183164,-72.996856,41.229532,5.656358242034912
14183188,-73.247378,41.145756,5.894872188568115
14183299,-72.892774,41.247084,3.53155779838562
14183378,-73.22953,41.156416,5.562744617462158
14183422,-73.055183,41.210686,5.628328800201416
14183484,-72.385029,41.263045,4.928346157073975
14183551,-72.226769,41.300477,3.4942026138305664
14183587,-72.894005,41.262323,3.8654301166534424
14183689,-72.112812,41.318628,29.39892578125
14183846,-72.951362,41.257162,2.904982328414917
14184017,-72.875484,41.314029,7.394178867340088
14184066,-72.811746,41.283292,6.195827007293701
14184542,-72.848287,41.258202,6.732142448425293
14184602,-72.39092,41.284126,3.6919353008270264
14184607,-72.434244,41.280389,6.882871627807617
14184991,-73.442347,41.069495,6.730622291564941
14185209,-72.215128,41.318666,6.772678852081299
14185232,-72.55266,41.278085,5.2409348487854
14185278,-73.402153,41.09336,2.8210792541503906
14185343,-73.40168,41.097776,5.269862651824951
14185489,-73.176574,41.180808,3.1113362312316895
14185546,-73.188412,41.167758,2.4120469093322754
14185892,-72.137415,41.340999,4.200181007385254
14186033,-72.891003,41.306377,2.8762757778167725
14186034,-73.381872,41.103572,4.5441460609436035
14186065,-72.894825,41.25288,4.588706016540527
14186074,-73.561988,41.019663,4.545026779174805
14186455,-73.242394,41.137224,1.4507629871368408
14186457,-72.892278,41.25872,1.469254970550537
14186478,-72.47967,41.275017,3.455923557281494
14186543,-71.850638,41.358106,23.00558090209961
14186817,-72.944815,41.273328,4.950450420379639
14186922,-72.369235,41.300387,6.789187908172607
14186940,-73.135291,41.175462,2.5239081382751465
14187194,-72.101522,41.350177,2.394961357116699
14187264,-72.848763,41.258034,3.0572376251220703
14187389,-72.289862,41.287528,2.6742146015167236
14187466,-72.807253,41.257993,6.508453845977783
14187509,-72.091548,41.327124,5.707720756530762
14187627,-72.579645,41.281471,11.395584106445312
14187784,-72.326658,41.314408,3.478550910949707
14187819,-72.001683,41.331361,9.103718757629395
14187857,-73.080107,41.197495,2.6557586193084717
14187911,-71.843859,41.35824,8.583991050720215
14188068,-73.222356,41.163951,9.329503059387207
14188127,-73.13994,41.174483,1.9956756830215454
14188133,-71.875287,41.360814,3.780012369155884
14188290,-73.26922,41.13399,6.53615665435791
14188594,-73.644751,41.007559,10.99781322479248
14188638,-72.525896,41.273009,3.799302577972412
14188649,-72.951362,41.257162,2.904982328414917
14188721,-72.007249,41.321868,2.3969016075134277
14188822,-72.792022,41.261148,2.8877170085906982
14189020,-72.95119,41.258931,3.821754217147827
14189126,-73.016017,41.208806,4.196691036224365
14189177,-73.370713,41.128045,6.788431167602539
14189234,-73.417448,41.102077,3.6512999534606934
14189347,-73.223669,41.162312,11.14350414276123
14189871,-72.98704,41.236571,2.2002837657928467
14189881,-73.024563,41.216901,5.388354778289795
14190139,-72.171796,41.334812,2.3710882663726807
14190173,-72.403731,41.285776,3.0139243602752686
14190328,-72.29206,41.289068,2.3283281326293945
14190441,-72.896447,41.252272,8.9686279296875
14190674,-71.964605,41.357996,2.8803036212921143
14190870,-72.848498,41.258731,7.0172905921936035
14190874,-72.939006,41.263069,3.5595521926879883
14191113,-72.137415,41.340999,4.200181007385254
14191115,-71.845334,41.343832,9.175588607788086
14191158,-73.566299,41.025011,7.554147720336914
14191322,-73.286272,41.137862,3.5088114738464355
14191365,-73.348971,41.112313,27.3091983795166
14191414,-72.875426,41.245762,1.5115212202072144
14191521,-73.023418,41.209876,6.060957908630371
14191642,-73.44049,41.066803,12.330239295959473
14191729,-73.199137,41.165645,2.598066568374634
14191980,-72.206599,41.315736,7.308874607086182
14192073,-73.399579,41.099168,9.173039436340332
14192217,-72.685862,41.268352,10.21750545501709
14192395,-72.094832,41.352886,5.457614898681641
14192397,-73.135864,41.182774,3.457949161529541
14192459,-73.359105,41.115677,3.117680788040161
14192462,-73.127279,41.183807,3.445903778076172
14192649,-71.963458,41.338373,1.4235682487487793
14192720,-72.952993,41.290357,3.63704514503479
14192781,-72.966232,41.247079,2.8932104110717773
14192813,-73.545358,41.061062,6.33295202255249
14192919,-73.521125,41.027229,15.283407211303711
14192945,-73.292094,41.129283,4.363012790679932
14193245,-73.260261,41.137191,2.044875144958496
14193375,-72.022089,41.341564,3.9503047466278076
14193429,-73.363574,41.130339,5.543490886688232
14193548,-71.964038,41.356058,2.315229892730713
14193638,-73.086278,41.189882,2.035269260406494
14193647,-71.990119,41.325502,6.761562347412109
14193720,-73.117627,41.161246,4.500168800354004
14193766,-73.302143,41.126144,8.01451587677002
14193792,-73.232661,41.144006,3.479022979736328
14193935,-73.129275,41.154062,4.489247798919678
14194101,-73.222227,41.165418,10.230475425720215
14194270,-72.094984,41.313014,4.339940547943115
14194328,-73.59416,41.040544,7.919977188110352
14194554,-72.93093,41.294237,9.012672424316406
14194585,-73.090559,41.186218,2.7516329288482666
14194757,-71.970448,41.356652,1.147108793258667
14194871,-72.306192,41.289342,6.82926607131958
14194916,-72.753112,41.267331,2.1955673694610596
14194948,-73.531962,41.032552,1.9430404901504517
14194958,-73.269085,41.13534,5.8492865562438965
14195343,-71.835191,41.372076,8.521343231201172
14195360,-72.258703,41.29592,6.341230869293213
14195571,-72.099541,41.336161,4.941760540008545
14195575,-73.526181,41.034307,11.769004821777344
14195703,-72.446406,41.282462,4.241008758544922
14195736,-73.219128,41.154249,4.5746073722839355
14195798,-71.880537,41.359612,4.13606595993042
14195892,-72.900165,41.268446,5.911395072937012
14195942,-73.503394,41.054343,2.91961932182312
14195953,-73.039372,41.215397,4.660905361175537
14195962,-73.360529,41.11616,4.2147135734558105
14195986,-72.276643,41.289514,6.7587504386901855
14196038,-72.627276,41.282018,3.993901491165161
14196110,-73.036382,41.207715,6.89349365234375
14196271,-72.520249,41.273048,2.900625228881836
14196286,-73.102037,41.196379,6.810599327087402
14196394,-73.02149,41.209065,6.674272060394287
14196514,-73.226256,41.149418,5.438033580780029
14196550,-73.133499,41.171606,1.7626327276229858
14196689,-72.994954,41.245025,8.368000030517578
14196764,-73.562269,41.026136,5.718676567077637
14196820,-73.117111,41.215927,4.854727745056152
14197003,-72.402126,41.281268,3.4356727600097656
14197039,-72.292534,41.286,3.903079032897949
14197239,-72.368645,41.289258,1.6836981773376465
14197248,-73.44301,41.070644,4.2849955558776855
14197515,-72.549204,41.280392,5.386407852172852
14197926,-72.817471,41.27819,13.580076217651367
14197931,-72.862389,41.254778,9.62081527709961
14198027,-73.127945,41.180813,3.113705635070801
14198064,-72.20325,41.316502,10.19620418548584
14198198,-73.127497,41.149367,3.8034679889678955
14198397,-73.415408,41.088911,2.2593703269958496
14198998,-72.834254,41.25328,8.572165489196777
14199225,-73.258895,41.123481,1.6150498390197754
14199673,-72.650633,41.299291,7.652811050415039
14199759,-73.592074,41.030506,2.39957857131958
14199772,-72.094102,41.329629,7.3611345291137695
14199982,-72.141315,41.313284,15.180460929870605
14210589,-72.9113,41.318339,7.192205429077148
14210615,-72.895566,41.305212,4.765747547149658
14210786,-73.157537,41.182496,6.919231414794922
14210916,-72.956058,41.266522,16.175405502319336
14210946,-72.916987,41.310976,7.297464370727539
14210990,-72.865742,41.279555,4.867621898651123
14211437,-73.295175,41.139268,8.361105918884277
14211868,-73.535988,41.054194,5.352849006652832
14211988,-73.048553,41.229451,6.482651233673096
14212398,-73.402955,41.103869,7.785880088806152
14212693,-73.536167,41.041645,1.5279245376586914
14212744,-72.947791,41.278406,6.732861518859863
14212745,-73.203235,41.176726,6.672390937805176
14212895,-72.947144,41.277311,6.531888008117676
14213177,-73.402508,41.102809,5.104489803314209
14213182,-73.051633,41.228011,6.136165142059326
14213428,-72.95663,41.329391,5.84360933303833
14213564,-72.380798,41.289135,4.174663543701172
14214290,-72.946707,41.275117,5.800886154174805
14214671,-72.871408,41.280253,6.940031051635742
14214854,-72.376177,41.295081,5.1065144538879395
14214858,-73.230556,41.172114,9.029389381408691
14214898,-72.902128,41.309155,8.791505813598633
14214965,-72.377834,41.292853,4.926733493804932
14215502,-73.594581,41.046219,14.599377632141113
14215744,-72.68242,41.282258,5.332432746887207
14215993,-72.771157,41.276463,15.426554679870605
14216372,-72.145548,41.348115,8.016115188598633
14216731,-73.539543,41.046283,3.8395955562591553
14216965,-72.444442,41.285215,7.384561538696289
14217122,-73.534054,41.057445,7.336560249328613
14217277,-73.537282,41.056913,6.264464855194092
14217315,-72.031975,41.342901,4.768575191497803
14217851,-72.956758,41.260469,15.831180572509766
14218185,-73.420448,41.091332,4.774971008300781
14218358,-72.022998,41.350014,4.908774375915527
14218378,-73.592386,41.043225,17.74543571472168
14218543,-72.899802,41.33704,4.675657272338867
14218582,-73.219029,41.177705,7.883507251739502
14218923,-73.117913,41.212728,8.30036449432373
14218993,-72.956338,41.328713,4.870237827301025
14219493,-71.866585,41.362412,5.047694683074951
14219762,-73.0562,41.225779,10.45750904083252
14219984,-73.536059,41.056715,6.612611293792725
14220018,-73.355541,41.125649,5.570670127868652
14220191,-73.136653,41.19241,5.9594879150390625
14220198,-73.365293,41.125436,7.098639965057373
14220330,-73.291649,41.137776,3.4153382778167725
14220339,-73.53511,41.044529,1.7568362951278687
14220341,-72.025884,41.345176,4.338430404663086
14220622,-73.454377,41.071595,7.38759183883667
14220631,-73.53495,41.054744,4.719516277313232
14220919,-73.049559,41.229798,9.2509765625
14220984,-73.156714,41.182029,5.535197734832764
14221030,-72.946199,41.264747,4.423758029937744
14221037,-72.918536,41.305788,6.564655780792236
14221073,-72.617118,41.278279,6.817723274230957
14221128,-72.908293,41.322636,7.415930271148682
14221607,-73.536897,41.057803,6.751400470733643
14221989,-72.871849,41.282338,9.460413932800293
14222223,-73.213001,41.172818,5.827690124511719
14222370,-73.537936,41.043428,1.7637476921081543
14222690,-72.911952,41.319306,8.115728378295898
14222902,-73.268565,41.145064,6.200140953063965
14223619,-72.940902,41.295897,6.943387985229492
14223731,-72.958033,41.329947,6.661632061004639
14223927,-72.947712,41.278546,6.689293384552002
14223944,-72.954257,41.273891,4.880760669708252
14224173,-73.062545,41.217792,7.31098747253418
14224332,-73.10997,41.197395,9.520780563354492
14224590,-73.118911,41.208703,5.317709445953369
14225475,-73.479055,41.065483,6.872433185577393
14225503,-72.862716,41.371058,5.919859409332275
14225774,-72.92529,41.304199,5.81764554977417
14225920,-73.216028,41.172534,4.211248397827148
14225929,-72.933108,41.2884,6.24339485168457
14226320,-72.937373,41.275148,6.447511196136475
14226898,-73.232931,41.167347,5.869049549102783
14226941,-73.521692,41.051769,11.981950759887695
14227034,-73.535728,41.044245,1.7094248533248901
14227104,-73.538658,41.055726,6.322755336761475
14227131,-72.862716,41.371058,5.919859409332275
14227241,-73.269625,41.157086,5.941648006439209
14227324,-72.91559,41.301828,4.931902885437012
14227402,-73.535728,41.044245,1.7094248533248901
14227780,-73.328987,41.132647,6.0040788650512695
14227863,-72.022247,41.349024,4.679188251495361
14227879,-72.953049,41.269684,6.647516250610352
14228331,-72.915194,41.303657,5.0369110107421875
14228388,-73.102766,41.196031,7.859984397888184
14228728,-73.269117,41.146784,6.898735046386719
14228807,-72.917232,41.308495,6.81337308883667
14228828,-73.000324,41.235112,6.646255970001221
14228954,-72.881917,41.284284,4.607873916625977
14228986,-72.931492,41.288222,7.219910621643066
14229131,-72.380972,41.287945,4.494848251342773
14229281,-72.44422,41.285403,7.4782328605651855
14229514,-72.626798,41.28607,8.363126754760742
14229618,-72.91973,41.30297,5.123154163360596
14229686,-72.919853,41.305012,6.932389259338379
14230143,-73.298452,41.131682,5.262945175170898
14230193,-73.535711,41.055316,5.2250237464904785
14230576,-73.000177,41.234369,6.815577507019043
14230795,-72.024957,41.344823,4.374305248260498
14230890,-73.163896,41.179429,5.4466986656188965
14230924,-71.913227,41.357978,13.427569389343262
14230980,-73.165569,41.17646,5.561962127685547
14231105,-72.879172,41.277823,6.806542873382568
14231503,-73.529724,41.038068,2.221358299255371
14232216,-73.224622,41.168968,5.113704204559326
14232334,-73.167713,41.183185,5.375730037689209
14232831,-73.524278,41.044069,2.3190207481384277
14233053,-72.943592,41.274532,5.5372138023376465
14233339,-73.156122,41.181054,3.85176682472229
14233594,-73.636935,41.0089,15.881885528564453
14233747,-73.123511,41.202966,12.931447982788086
14234046,-73.525427,41.051864,5.290113925933838
14234358,-73.095626,41.191046,6.920386791229248
14234468,-73.411377,41.11858,5.725799083709717
14234469,-73.536168,41.055643,4.414377689361572
14234532,-72.946272,41.279015,6.731334686279297
14234536,-73.418828,41.097795,6.042757034301758
14234558,-73.134225,41.18685,4.567953109741211
14234674,-72.913108,41.320108,7.589041233062744
14234781,-73.542187,41.040954,2.8825385570526123
14234841,-72.920771,41.305554,6.822507381439209
14234999,-73.180243,41.182451,6.104258060455322
14235136,-72.95663,41.329391,5.84360933303833
14235248,-72.929002,41.301163,6.371822357177734
14235344,-72.916822,41.306777,6.276453018188477
14235377,-72.949552,41.264241,4.755602836608887
14235402,-72.891756,41.306884,10.449849128723145
14235579,-72.930865,41.285497,6.463554859161377
14235831,-73.134171,41.186998,4.420930862426758
14236763,-72.901868,41.314828,9.898595809936523
14236809,-72.946827,41.275193,5.7290544509887695
14237490,-72.955567,41.264448,25.9296932220459
14237654,-73.543743,41.059564,6.197233200073242
14237659,-73.526962,41.039663,2.5104546546936035
14238115,-73.214192,41.175118,5.580714225769043
14238168,-73.130221,41.185064,3.960536479949951
14238243,-72.955965,41.268714,12.34339714050293
14238686,-72.874861,41.322371,8.303465843200684
14238834,-73.296223,41.139466,8.635223388671875
14239115,-72.962195,41.263677,8.282130241394043
14239478,-73.085305,41.193608,5.732397079467773
14240855,-73.540943,41.05077,5.1583147048950195
14241125,-73.128058,41.191324,5.086848258972168
14241234,-72.815162,41.281921,8.659195899963379
14241362,-73.427554,41.079683,14.467521667480469
14241394,-73.613662,41.030693,11.083832740783691
14241531,-72.671558,41.285366,5.035694122314453
14241548,-72.938233,41.271262,5.201910972595215
14241556,-73.535055,41.044524,1.6324342489242554
14241678,-73.330873,41.13195,6.730795860290527
14241772,-73.542011,41.058899,7.771190643310547
14242039,-73.476316,41.068489,10.820138931274414
14242285,-73.147359,41.182911,6.614094257354736
14242355,-73.107539,41.198651,9.174427032470703
14243371,-72.832012,41.270663,6.087832450866699
14243542,-72.875707,41.279986,7.745676517486572
14243605,-73.203643,41.17303,4.930288791656494
14243616,-73.119055,41.207176,5.231523036956787
14243645,-73.51561,41.043749,7.894755840301514
14243832,-72.957457,41.328521,4.562005043029785
14244146,-72.902791,41.313075,6.291990756988525
14244402,-73.536059,41.056715,6.612611293792725
14244602,-73.169673,41.182974,5.3196797370910645
14244889,-72.908762,41.318414,6.661205291748047
14245187,-73.191794,41.184119,5.8768510818481445
14245198,-72.951927,41.271921,5.279562473297119
14245282,-72.028717,41.343604,4.714240074157715
14245342,-73.268601,41.144483,5.881042003631592
14245551,-73.130367,41.185185,4.135863780975342
14245650,-73.090729,41.190061,4.790158748626709
14245770,-72.929002,41.301163,6.371822357177734
14246078,-73.29639,41.14182,6.194302082061768
14246410,-73.126971,41.200322,7.177057266235352
14246439,-73.542187,41.040954,2.8825385570526123
14246621,-72.944031,41.275605,5.897350788116455
14247125,-72.949395,41.278726,6.651625156402588
14247251,-72.916476,41.309512,7.23317289352417
14247264,-73.537282,41.056913,6.264464855194092
14247472,-72.949761,41.268143,5.000683784484863
14248070,-73.542816,41.043328,5.322098255157471
14248186,-72.879157,41.284356,5.428350925445557
14248804,-72.496463,41.282387,6.028481483459473
14249149,-72.917347,41.303733,5.26932430267334
14249175,-72.919566,41.306351,6.7544379234313965
14249333,-73.564707,41.037357,6.518019676208496
14249346,-73.536897,41.057803,6.751400470733643
14249540,-73.535728,41.044245,1.7094248533248901
14249965,-72.918439,41.302816,4.915384292602539
14249966,-71.917412,41.358736,10.141352653503418
14250012,-72.863702,41.275728,8.243280410766602
14250227,-72.898463,41.331116,5.820423126220703
14250444,-72.951551,41.270973,5.496135234832764
14250546,-72.628488,41.285643,7.759015083312988
14250605,-72.937101,41.271533,5.685603141784668
14251041,-72.938903,41.272222,5.973771095275879
14251049,-72.920156,41.303955,6.214970111846924
14251076,-72.915372,41.320764,7.643376350402832
14251308,-72.912375,41.308783,5.930976867675781
14251470,-72.030604,41.342681,4.487715721130371
14251503,-72.027265,41.34465,4.77637243270874
14251652,-72.997465,41.233989,6.561724662780762
14251728,-72.884551,41.278928,6.3797783851623535
14251862,-73.529885,41.037279,2.7715187072753906
14252116,-72.929002,41.301163,6.371822357177734
14253318,-73.601076,41.042744,7.1564741134643555
14253363,-72.145787,41.343237,9.373156547546387
14253675,-72.76917,41.282115,5.910412788391113
14253814,-72.949056,41.276714,6.368858814239502
14253864,-73.248506,41.156556,7.6354546546936035
14253936,-73.189925,41.180382,6.184426307678223
14254407,-73.22005,41.177006,7.53225040435791
14254609,-72.027106,41.34545,5.313042640686035
14255036,-72.955727,41.265415,26.90658950805664
14255669,-72.922944,41.304705,5.493922233581543
14255719,-73.090298,41.190482,6.086349964141846
14255898,-73.224601,41.175131,7.120675086975098
14255950,-73.543743,41.059564,6.197233200073242
14256579,-73.085732,41.195619,6.776193618774414
14256710,-72.911144,41.317052,7.541049003601074
14257017,-72.819239,41.279352,7.4036078453063965
14257055,-72.92584,41.305845,6.386100769042969
14257180,-73.364363,41.127768,7.177348613739014
14257216,-73.352686,41.126587,4.353592395782471
14257270,-72.953056,41.267486,9.28304386138916
14257366,-72.916215,41.303789,5.144384860992432
14257402,-72.816166,41.283346,9.53164005279541
14257814,-73.220758,41.176766,6.931361198425293
14257861,-72.932905,41.288229,6.189332008361816
14257936,-73.126807,41.200658,7.908552169799805
14258447,-73.092117,41.186834,5.053954124450684
14258933,-72.872788,41.280452,8.569745063781738
14259156,-73.529885,41.037279,2.7715187072753906
14259250,-73.52529,41.038402,2.07552170753479
14259656,-72.956601,41.273963,5.982276439666748
14260014,-72.376177,41.295081,5.1065144538879395
14260141,-72.59672,41.28299,8.203371047973633
14260562,-72.899521,41.308649,7.557673931121826
14260569,-73.182571,41.18574,6.919250965118408
14260843,-73.542187,41.040954,2.8825385570526123
14261419,-73.160197,41.176881,3.033963441848755
14261673,-72.600401,41.275764,4.866594314575195
14261717,-73.083436,41.197137,6.761724948883057
14261725,-73.00105,41.233113,7.41120719909668
14261752,-72.063626,41.323733,5.272928237915039
14262130,-73.084058,41.194944,4.845392227172852
14262572,-73.224865,41.175631,8.599102020263672
14262738,-73.132672,41.189685,5.75629186630249
14262929,-73.177388,41.181886,5.190456867218018
14262935,-73.299966,41.132572,6.199283123016357
14263125,-72.892426,41.307227,11.325018882751465
14263179,-73.376952,41.119383,11.141712188720703
14263212,-72.924769,41.304674,6.234986305236816
14263225,-72.816166,41.283346,9.53164005279541
14263323,-73.15613,41.179661,3.0522801876068115
14263457,-72.954224,41.265145,22.854734420776367
14263608,-73.186052,41.185937,7.320314407348633
14263899,-72.942409,41.272775,4.982024192810059
14264151,-73.132241,41.186936,4.8501482009887695
14265239,-73.000901,41.235235,7.504403114318848
14265302,-73.59464,41.045656,7.4305620193481445
14265874,-72.878387,41.277547,5.891618251800537
14265899,-73.248094,41.152403,4.003530979156494
14265971,-73.549037,41.03414,5.945510387420654
14266145,-73.543493,41.052603,5.227640628814697
14266785,-72.887106,41.366011,4.944684028625488
14267083,-73.197242,41.173355,5.337764739990234
14267180,-72.625628,41.284746,11.135396957397461
14267684,-73.15979,41.176373,2.7960853576660156
14267909,-73.186052,41.185937,7.320314407348633
14268021,-72.955305,41.329393,5.463373184204102
14268027,-73.099277,41.200177,7.733585357666016
14268248,-71.8745,41.362068,4.227968215942383
14268394,-73.186052,41.185937,7.320314407348633
14268524,-72.920069,41.304809,6.697058200836182
14268697,-73.051277,41.227019,11.074846267700195
14268727,-72.022034,41.34892,5.235958576202393
14268849,-72.634283,41.284614,7.168983459472656
14268945,-73.5958,41.042786,5.3358964920043945
14269017,-72.952293,41.268972,6.263079643249512
14269270,-73.198442,41.171474,4.914769649505615
14269544,-72.868802,41.278814,4.119847297668457
14269562,-73.108426,41.193496,5.616042613983154
14269812,-72.67899,41.282946,5.1332011222839355
14269918,-73.162076,41.178206,4.042627811431885
14269998,-72.911565,41.31451,7.130819320678711
14270271,-72.939791,41.275788,6.366629123687744
14270272,-73.536059,41.056715,6.612611293792725
14270322,-73.522886,41.050804,5.253637790679932
14270712,-73.466719,41.063552,7.963047504425049
14270793,-73.5262,41.055533,5.690983295440674
14270827,-73.310781,41.126313,6.830367565155029
14271004,-72.835891,41.268214,6.321701526641846
14271038,-73.158749,41.181922,6.652617454528809
14271384,-72.91376,41.309938,7.926257133483887
14271448,-72.956395,41.259021,12.570372581481934
14271467,-73.18022,41.181349,5.637813091278076
14271521,-73.540512,41.056149,6.576765060424805
14271723,-73.418406,41.09813,6.498202323913574
14271760,-72.956547,41.259216,13.147391319274902
14272307,-72.938449,41.274735,6.457184314727783
14272313,-73.54012,41.058739,7.948955059051514
14272465,-72.954427,41.27051,7.7143096923828125
14272590,-73.10896,41.195018,7.781986713409424
14272598,-72.592405,41.279364,5.711710453033447
14272712,-72.954611,41.260347,19.181169509887695
14272802,-73.189342,41.17928,5.671149730682373
14273251,-73.543493,41.052603,5.227640628814697
14273284,-73.176618,41.190028,6.8725810050964355
14273454,-73.236911,41.160672,10.824256896972656
14274201,-72.912424,41.308375,5.952952861785889
14274697,-73.535988,41.054194,5.352849006652832
14274768,-73.169547,41.181991,4.036670684814453
14274781,-72.899692,41.311199,8.075218200683594
14274786,-72.916663,41.306655,6.327870845794678
14275054,-72.919423,41.302472,4.818743705749512
14275260,-72.922944,41.304705,5.493922233581543
14275286,-73.537282,41.056913,6.264464855194092
14275321,-73.203235,41.176726,6.672390937805176
14275764,-73.568816,41.034552,7.692101955413818
14275824,-73.543578,41.060307,6.235838413238525
14275850,-73.267884,41.167666,9.553218841552734
14276502,-72.956338,41.328713,4.870237827301025
14276864,-73.214898,41.184542,7.972148418426514
14276891,-73.215903,41.17476,5.010401725769043
14277122,-72.873404,41.330688,4.347968578338623
14277139,-73.564538,41.035559,6.327817916870117
14278266,-72.835781,41.26806,6.491458415985107
14278435,-72.951377,41.264773,7.619683265686035
14278536,-72.627115,41.285801,8.090429306030273
14278609,-72.04695,41.3464,6.383741855621338
14278677,-73.528595,41.038929,2.229581594467163
14278695,-73.229236,41.169239,4.693786144256592
14278983,-73.636616,41.008287,15.023833274841309
14279066,-72.898288,41.329709,7.118653297424316
14279071,-73.418568,41.101558,4.638276100158691
14279835,-73.05065,41.222933,8.850961685180664
14280016,-73.547903,41.066193,8.471278190612793
14280193,-73.059677,41.216081,7.158059120178223
14280399,-73.601259,41.041975,5.550395965576172
14280408,-73.634067,41.015005,35.22737121582031
14280428,-73.189342,41.17928,5.671149730682373
14280762,-73.136653,41.19241,5.9594879150390625
14281008,-72.955371,41.329129,4.975964546203613
14281370,-72.951927,41.271921,5.279562473297119
14282193,-72.922671,41.306028,5.978235721588135
14282289,-73.155848,41.179362,2.9407753944396973
14282299,-72.894272,41.307048,9.685845375061035
14282473,-72.913977,41.32103,8.251917839050293
14282674,-73.599451,41.043761,7.400063991546631
14282942,-73.533728,41.055576,4.012576580047607
14282951,-72.947385,41.264742,4.453672409057617
14283004,-72.922944,41.304705,5.493922233581543
14283109,-73.267686,41.156558,5.446937084197998
14283255,-73.534835,41.044503,1.5186961889266968
14283293,-73.537079,41.04319,1.3944780826568604
14283873,-72.632949,41.285046,6.989137649536133
14284001,-73.105491,41.195752,11.218555450439453
14284201,-73.230936,41.165102,5.500574111938477
14284283,-73.535055,41.044524,1.6324342489242554
14284596,-72.92529,41.304199,5.81764554977417
14284819,-72.958033,41.329947,6.661632061004639
14284896,-72.377889,41.288626,4.441671371459961
14284976,-72.684781,41.284696,5.205794811248779
14285196,-73.267382,41.158873,5.40992546081543
14285233,-72.900357,41.308705,7.825292587280273
14285271,-73.269623,41.147668,7.318721771240234
14285369,-72.922944,41.304705,5.493922233581543
14285420,-72.676619,41.284109,5.719791889190674
14285532,-72.951839,41.260303,7.251430034637451
14285829,-73.131796,41.185211,4.332796096801758
14286003,-72.951234,41.26502,7.502983570098877
14286012,-73.17853,41.181934,5.697715759277344
14286067,-72.949056,41.276714,6.368858814239502
14287010,-73.536164,41.058386,7.312577247619629
14287111,-72.918439,41.302816,4.915384292602539
14287402,-73.103989,41.194417,7.949467182159424
14287871,-72.951056,41.269031,5.617088317871094
14288252,-73.542816,41.043328,5.322098255157471
14288447,-72.950868,41.261206,4.990106582641602
14288750,-73.270763,41.144947,6.682323932647705
14288881,-72.876888,41.273647,5.071495056152344
14289226,-72.919227,41.303796,5.616368770599365
14289322,-72.957181,41.260991,12.918251991271973
14289595,-73.603017,41.04161,6.78707218170166
14290015,-72.439475,41.282179,13.560954093933105
14290155,-72.950897,41.26378,6.2477264404296875
14290279,-73.205485,41.173095,5.951949119567871
14290319,-72.90885,41.318079,6.305830478668213
14290357,-72.439554,41.287538,14.438720703125
14290517,-73.300408,41.137102,7.1749467849731445
14290730,-73.124836,41.192242,5.676944255828857
14290743,-73.217991,41.180948,7.878452301025391
14290882,-72.90188,41.314876,10.201075553894043
14291156,-73.103107,41.196815,7.656262397766113
14291513,-72.920069,41.304809,6.697058200836182
14291731,-72.769719,41.282145,6.560284614562988
14291808,-72.609116,41.281565,22.684904098510742
14291887,-73.215577,41.172096,4.339718818664551
14291929,-72.920069,41.304809,6.697058200836182
14291962,-73.162455,41.179513,5.14334774017334
14292018,-73.12054,41.204706,8.60424518585205
14292169,-73.263983,41.142387,4.404346942901611
14292252,-72.915302,41.319429,7.109899997711182
14292310,-73.603599,41.038164,4.709095478057861
14292559,-71.873274,41.362482,5.057885646820068
14292591,-73.049663,41.220217,8.436349868774414
14292718,-73.543743,41.059564,6.197233200073242
14293296,-73.219029,41.177705,7.883507251739502
14293629,-73.213462,41.170268,4.9485697746276855
14293701,-73.08633,41.194017,6.967807292938232
14293775,-73.510331,41.041873,6.70060396194458
14293795,-72.86861,41.333528,5.074038505554199
14293981,-73.538355,41.056795,6.032944202423096
14294303,-72.92584,41.305845,6.386100769042969
14294416,-73.19684,41.172824,4.763925075531006
14294695,-72.608897,41.279571,15.705816268920898
14295059,-72.816504,41.280469,7.2434539794921875
14295199,-72.899502,41.330661,7.214062690734863
14295983,-72.955473,41.271124,5.656302452087402
14296315,-73.130224,41.185711,4.557623386383057
14296711,-73.049632,41.223444,9.010294914245605
14296966,-73.189925,41.180382,6.184426307678223
14297343,-72.816166,41.283346,9.53164005279541
14297473,-73.530202,41.036341,2.8296165466308594
14297768,-72.624278,41.277214,4.565633296966553
14297874,-72.257245,41.303815,23.399059295654297
14297964,-73.102218,41.200578,8.02649211883545
14298195,-73.125416,41.202048,8.192460060119629
14298348,-73.082692,41.198241,6.987797737121582
14298441,-72.911536,41.315202,7.377325534820557
14298442,-73.105532,41.194444,7.016062259674072
14298603,-73.1921,41.174673,8.016353607177734
14298757,-72.328322,41.324,4.143035888671875
14298871,-73.212715,41.174656,5.701575756072998
14298872,-72.181602,41.362781,13.977569580078125
14299042,-72.922944,41.304705,5.493922233581543
14299335,-73.531923,41.055855,4.741995334625244
14299382,-72.937627,41.273303,5.62750244140625
14299413,-72.888542,41.317444,8.417998313903809
14299648,-73.547811,41.066135,8.256786346435547
14299723,-72.941043,41.27633,6.801330089569092
