PIN,Longitude,Latitude
14110026,-72.842965,41.26324
14110073,-72.098824,41.31061
14110097,-72.825233,41.265235
14110130,-73.113418,41.154187
14110158,-72.892247,41.269442
14110283,-72.590936,41.271396
14110306,-72.866106,41.262037
14110460,-73.227853,41.151676
14110521,-73.401936,41.097606
14110705,-73.41296,41.09104
14110795,-72.409665,41.278467
14110835,-72.869213,41.250827
14111009,-72.875095,41.252138
14111195,-72.843136,41.263249
14111263,-73.262427,41.118521
14111356,-73.565226,41.026718
14111414,-71.951395,41.333562
14111417,-72.74764,41.262987
14111533,-72.258703,41.29592
14111979,-72.509886,41.257506
14112233,-73.021191,41.216808
14112830,-72.671783,41.273264
14112939,-72.389576,41.284367
14113052,-72.534316,41.274535
14113238,-72.951362,41.257162
14113321,-72.87149,41.272302
14113528,-72.951603,41.258669
14113535,-72.877499,41.247199
14113573,-72.124024,41.305779
14113747,-73.363262,41.148104
14113786,-73.378189,41.111747
14113845,-72.398399,41.283446
14114093,-72.874609,41.248757
14114238,-72.09998,41.449027
14114246,-73.044642,41.222746
14114416,-72.892012,41.262933
14114504,-72.891011,41.258406
14114557,-73.13699,41.180577
14114788,-72.374857,41.267229
14114983,-72.574894,41.273861
14115121,-73.133679,41.149609
14115175,-73.546153,41.059036
14115208,-73.045412,41.222727
14115448,-73.126846,41.15008
14115471,-72.995086,41.233457
14115500,-73.41681,41.103296
14115584,-73.373524,41.098601
14115740,-72.09099,41.318478
14115945,-72.8889,41.31184
14116133,-72.865395,41.265139
14116239,-73.101104,41.185923
14116324,-72.859843,41.251094
14116519,-73.002884,41.223664
14116754,-73.527295,41.035422
14116784,-72.75011,41.264914
14116881,-73.2906,41.130519
14117014,-72.793901,41.260821
14117203,-73.445812,41.071783
14117757,-72.857692,41.368984
14117763,-72.951461,41.285265
14117781,-73.023959,41.210441
14117818,-73.219998,41.153932
14117963,-72.871144,41.250454
14118159,-73.488512,41.045767
14118258,-72.172397,41.3516
14118277,-73.114583,41.170508
14118578,-72.893424,41.260467
14118628,-72.231791,41.300249
14118865,-73.361323,41.149838
14118890,-72.589862,41.27225
14119015,-72.806676,41.28056
14119351,-72.092036,41.440515
14119435,-71.840341,41.360477
14119617,-72.108895,41.399639
14119761,-73.187899,41.187967
14119802,-72.899975,41.253822
14120409,-72.226971,41.301527
14120577,-72.517474,41.263852
14120993,-72.173419,41.330049
14121238,-73.191569,41.168356
14121279,-73.274301,41.144893
14121979,-72.100161,41.337723
14122125,-72.851723,41.258609
14122236,-73.225939,41.160262
14122339,-73.449347,41.071003
14122611,-72.997297,41.223559
14122928,-73.021811,41.211481
14123081,-72.484918,41.271878
14123095,-72.863692,41.256654
14123230,-72.85024,41.259399
14123487,-72.397146,41.28523
14123611,-72.646008,41.26805
14123632,-72.669932,41.273554
14123923,-72.30356,41.305352
14123997,-73.04816,41.214544
14124021,-72.796384,41.263006
14124145,-71.835499,41.37821
14124202,-72.486045,41.280135
14124350,-72.799059,41.276165
14124470,-72.893869,41.263917
14124672,-72.125951,41.315955
14124675,-73.117623,41.19621
14124748,-72.47348,41.269964
14124915,-72.386491,41.267117
14124917,-73.353359,41.107601
14125062,-72.89277,41.246864
14125085,-73.080107,41.197495
14125602,-72.244773,41.321619
14125615,-73.238297,41.148801
14125881,-73.123781,41.152057
14126715,-72.872002,41.390115
14126802,-73.622261,41.017526
14126831,-72.517459,41.263059
14127163,-73.243041,41.134007
14127305,-73.268697,41.121659
14127488,-72.900686,41.271041
14127610,-72.945521,41.258592
14127710,-72.648818,41.265956
14128050,-73.06415,41.20359
14128159,-72.808667,41.253335
14128346,-73.347204,41.115666
14128357,-71.976973,41.343094
14128451,-72.867615,41.264148
14128591,-71.833812,41.375846
14128948,-72.384652,41.270648
14129112,-73.010792,41.213317
14129249,-72.827367,41.271974
14129439,-73.263983,41.140164
14129473,-72.189036,41.324129
14129746,-73.219998,41.153932
14130004,-73.244429,41.142709
14130081,-73.042809,41.221583
14130150,-72.533526,41.269698
14130167,-72.206379,41.311764
14130348,-73.221861,41.158822
14130447,-73.658764,40.996041
14130500,-72.821063,41.262098
14130535,-73.365978,41.123278
14130768,-73.226417,41.154603
14130801,-72.137415,41.340999
14130901,-71.841665,41.355843
14130955,-73.222917,41.155749
14131186,-73.38455,41.101114
14131278,-72.873027,41.315338
14131473,-71.932205,41.335991
14131572,-72.433886,41.283474
14131775,-73.519552,41.044956
14132006,-73.245379,41.14488
14132234,-72.579981,41.272155
14132342,-72.215012,41.308511
14132358,-73.034767,41.213242
14132428,-73.169307,41.17168
14132458,-73.268152,41.130732
14132655,-72.990088,41.236923
14132941,-73.418038,41.080032
14133108,-72.391968,41.28033
14133109,-71.909792,41.348761
14133401,-72.890186,41.247752
14133444,-72.99153,41.238557
14133454,-72.88783,41.315319
14133490,-72.417032,41.28194
14133598,-72.147525,41.318448
14133604,-72.210141,41.308417
14133950,-73.480599,41.047743
14133952,-72.940931,41.269133
14134119,-72.870025,41.259061
14134211,-72.387534,41.283462
14134327,-72.805954,41.277139
14134382,-72.576515,41.271885
14134568,-72.421252,41.286043
14134744,-72.996856,41.229532
14134824,-72.80712,41.278724
14134889,-72.385782,41.281038
14135320,-72.530846,41.270121
14135371,-72.959368,41.324374
14135484,-72.420707,41.279911
14135671,-72.821146,41.262083
14135785,-73.120733,41.155054
14135862,-73.030444,41.210841
14136144,-72.526689,41.284687
14136164,-73.051077,41.215402
14136288,-73.226116,41.14536
14136365,-72.420975,41.277053
14136411,-73.52867,41.020304
14136582,-72.131038,41.30451
14136697,-73.430098,41.067492
14136729,-72.943878,41.262644
14137113,-72.70722,41.245634
14137177,-71.961584,41.354074
14137222,-71.96738,41.354557
14137233,-72.380555,41.393966
14137365,-71.896028,41.343831
14137543,-72.102717,41.310491
14137643,-71.843438,41.34868
14137646,-73.241148,41.15344
14137711,-73.527023,41.02375
14138078,-72.809361,41.279183
14138207,-72.811386,41.270689
14138605,-73.104064,41.220686
14138648,-72.394832,41.293749
14138722,-72.811527,41.281529
14138842,-73.004929,41.220534
14139011,-73.26051,41.136159
14139069,-72.802075,41.278906
14139204,-72.313414,41.291412
14139322,-73.014084,41.210923
14139393,-72.176508,41.351925
14139462,-72.828278,41.269908
14139568,-72.893082,41.303613
14139635,-72.773592,41.264076
14139771,-73.167483,41.173632
14139998,-72.819499,41.266878
14140072,-72.793901,41.260821
14140447,-72.873125,41.315123
14140515,-71.970413,41.357099
14140854,-72.839275,41.260936
14141097,-72.215704,41.310649
14141107,-73.168259,41.172398
14141157,-72.944108,41.281496
14141483,-72.810141,41.283357
14141501,-73.315773,41.122544
14141960,-73.128839,41.150692
14141974,-72.833014,41.258106
14142425,-72.384486,41.274642
14142556,-72.209564,41.313536
14142560,-72.687681,41.285426
14142663,-72.872405,41.271691
14142962,-72.790511,41.262803
14142973,-73.126341,41.189901
14143157,-72.797686,41.261208
14143361,-72.425037,41.275841
14143499,-73.243071,41.131134
14143589,-73.508858,41.041441
14143846,-72.999705,41.223586
14144067,-73.413258,41.083414
14144110,-72.502837,41.27039
14144200,-73.600598,41.031328
14144428,-71.847255,41.353002
14144500,-73.233379,41.155521
14144546,-73.08178,41.194818
14144651,-73.00302,41.223957
14144727,-72.869807,41.249046
14144814,-71.835661,41.37255
14144818,-73.056916,41.21906
14144908,-73.436156,41.062537
14145121,-72.873005,41.315386
14145122,-73.444456,41.062266
14145140,-72.975295,41.234347
14145174,-72.708561,41.24949
14145229,-72.86536,41.278203
14145694,-73.039735,41.204852
14145901,-72.799635,41.280198
14145954,-73.22337,41.153552
14146281,-73.060129,41.208053
14146652,-73.132001,41.152112
14146731,-73.413664,41.082584
14146768,-73.228969,41.150091
14146787,-71.899015,41.341878
14147066,-73.227288,41.15252
14147118,-73.230734,41.156281
14147136,-73.079938,41.202233
14147258,-73.352845,41.110438
14147571,-73.226748,41.154325
14147959,-73.604212,41.029431
14147989,-73.571228,41.030691
14148169,-73.45728,41.056596
14148253,-73.119259,41.152935
14148281,-72.940868,41.25974
14148450,-73.061107,41.209561
14148482,-72.23712,41.306922
14148492,-72.055376,41.34023
14148524,-72.943586,41.259137
14148734,-72.592718,41.272369
14148834,-72.590674,41.273151
14148968,-73.403734,41.093964
14149092,-73.374965,41.115106
14149118,-73.137789,41.176581
14149174,-73.415317,41.089024
14149241,-73.139317,41.173214
14149420,-73.622555,41.015439
14149526,-72.083984,41.35747
14149543,-72.986528,41.236699
14149638,-73.252414,41.132642
14150395,-72.08395,41.35572
14150402,-73.531086,41.031251
14150816,-73.339763,41.126631
14150928,-73.104564,41.192933
14151655,-72.570157,41.278427
14151888,-73.265043,41.138923
14152244,-72.213606,41.299723
14152245,-73.125234,41.157304
14152257,-72.361714,41.321517
14152466,-72.209564,41.313536
14152508,-73.05949,41.209838
14152571,-71.899837,41.346239
14152732,-73.560559,41.027778
14152914,-72.843805,41.266838
14152947,-73.315773,41.122544
14153550,-72.862272,41.254449
14153668,-73.085518,41.19127
14153925,-72.049084,41.340719
14153943,-72.554394,41.277684
14154169,-72.873027,41.315338
14154294,-73.415442,41.091105
14154338,-73.354627,41.109215
14154391,-73.400196,41.097709
14154787,-72.697804,41.256872
14154969,-73.117813,41.156493
14155365,-72.807905,41.269096
14155542,-72.521072,41.276499
14155658,-71.958364,41.359533
14155987,-73.5711,41.027333
14156010,-72.821667,41.27414
14156033,-72.982397,41.236216
14156280,-72.848166,41.262069
14156358,-72.107382,41.315376
14156414,-73.270115,41.121472
14156499,-73.400049,41.088378
14156599,-72.14394,41.309894
14156800,-72.937157,41.275039
14156852,-73.481403,41.063773
14157011,-72.98733,41.235099
14157058,-73.227583,41.15677
14157097,-72.143401,41.310129
14157191,-73.432959,41.067522
14157528,-72.811605,41.269148
14157535,-72.186056,41.33681
14157700,-73.227939,41.153522
14157716,-72.388183,41.264799
14157968,-72.96336,41.249621
14157983,-71.943808,41.350461
14158113,-73.519552,41.044956
14158122,-72.324165,41.314136
14158211,-72.926401,41.298511
14158408,-73.478765,41.043322
14158528,-73.221034,41.154248
14158541,-72.376028,41.278306
14158575,-72.378884,41.26669
14158739,-72.813391,41.269377
14158919,-72.794369,41.2798
14158991,-73.058821,41.210138
14159395,-72.679289,41.256415
14159545,-72.808126,41.258035
14159548,-73.060672,41.211395
14159566,-72.641281,41.284328
14159653,-72.142037,41.310091
14159824,-72.936068,41.266281
14159989,-73.233379,41.155521
14160091,-72.887707,41.245303
14160323,-72.207246,41.306207
14160367,-72.550081,41.278566
14160378,-72.869395,41.251336
14160419,-72.382116,41.265468
14160631,-71.95912,41.365319
14160858,-73.137083,41.184383
14160908,-72.47938,41.271875
14161118,-71.845625,41.356297
14161476,-73.566784,41.027117
14161553,-73.143652,41.17825
14161691,-72.106745,41.329459
14161764,-72.46971,41.276636
14161779,-73.547672,41.034961
14161823,-73.227699,41.156688
14161824,-73.599693,41.040699
14161861,-72.171795,41.35469
14162101,-73.226755,41.158884
14162121,-73.131332,41.149975
14162289,-72.399748,41.282419
14162304,-73.595618,41.034716
14162618,-71.962336,41.348464
14162827,-72.814362,41.267986
14162988,-72.861711,41.2482
14163027,-72.86955,41.247377
14163072,-72.234419,41.306186
14163242,-72.821101,41.261948
14163339,-73.169113,41.17494
14163359,-72.89223,41.262141
14163383,-73.253714,41.138331
14163820,-73.038798,41.214695
14163872,-71.962644,41.356006
14163952,-72.831287,41.261488
14163973,-73.018266,41.209117
14163990,-73.114134,41.157665
14164149,-73.346387,41.117316
14164253,-72.873174,41.315004
14164478,-72.929871,41.281395
14164564,-72.632173,41.277922
14164972,-72.308241,41.31543
14165012,-72.104763,41.317124
14165115,-72.871185,41.250951
14165173,-72.824969,41.265805
14165219,-72.790836,41.291425
14165398,-71.842006,41.343539
14165525,-73.382831,41.101731
14165638,-72.877547,41.245912
14165712,-72.809318,41.287449
14165843,-72.861637,41.248138
14165896,-73.222467,41.163834
14165995,-72.88114,41.311822
14166051,-73.02299,41.217256
14166080,-73.024239,41.208471
14166397,-72.802071,41.269004
14166620,-72.589471,41.279573
14166816,-72.050691,41.341679
14166838,-72.137977,41.324172
14166847,-72.945167,41.2609
14166864,-72.825025,41.265521
14166946,-73.02149,41.209065
14167263,-73.222806,41.16587
14167333,-73.243661,41.143878
14167409,-72.995182,41.244909
14167774,-73.414541,41.087771
14167793,-72.877216,41.328672
14167894,-73.407725,41.099572
14168108,-73.434121,41.057627
14168313,-72.234703,41.301699
14168694,-72.205326,41.313746
14168851,-72.444425,41.280072
14169211,-73.547921,41.030778
14169322,-73.169656,41.179292
14169338,-72.124649,41.30992
14169660,-72.209777,41.29532
14169720,-72.135593,41.331717
14169788,-72.140834,41.330466
14170081,-72.217679,41.305419
14170135,-72.528187,41.27492
14170285,-73.609642,41.021171
14170368,-73.596504,41.04206
14170405,-73.196166,41.167885
14170524,-73.273,41.133171
14170657,-72.951362,41.257162
14170964,-73.25403,41.138419
14171014,-73.223175,41.153833
14171194,-73.020699,41.211634
14171270,-72.485331,41.28125
14171350,-72.937235,41.270214
14171535,-73.188185,41.167338
14171758,-72.396485,41.282194
14171840,-73.104174,41.220593
14171851,-73.39882,41.097399
14171919,-72.825031,41.274495
14171948,-72.873174,41.315004
14172005,-73.400196,41.097709
14172153,-72.359978,41.287321
14172209,-73.591739,41.015082
14172405,-71.958805,41.353452
14172418,-73.372606,41.097371
14172472,-73.441053,41.06344
14172574,-73.221996,41.165897
14172621,-73.547933,41.032931
14172654,-72.964289,41.259514
14173072,-72.94354,41.268304
14173096,-73.142883,41.175979
14173210,-72.878727,41.248938
14173328,-72.378152,41.284893
14173537,-72.935847,41.266478
14173561,-73.495196,41.056995
14173658,-73.040941,41.211822
14173688,-72.874422,41.385773
14173934,-73.136146,41.184667
14173977,-73.240484,41.144332
14174031,-72.598068,41.269944
14174045,-71.880903,41.357833
14174058,-72.07078,41.320761
14174108,-72.485889,41.274632
14174216,-72.176926,41.357367
14174456,-73.015394,41.205092
14174489,-71.852318,41.356296
14174803,-72.384594,41.282456
14174965,-72.99056,41.227293
14175001,-72.873222,41.246214
14175549,-72.519945,41.274022
14175757,-72.495662,41.289511
14175797,-72.871979,41.3179
14175917,-72.32858,41.300896
14176084,-73.52948,41.035132
14176144,-73.117375,41.198357
14176195,-72.893228,41.266707
14176327,-73.014834,41.2065
14176611,-73.569743,41.016039
14176622,-73.216864,41.164448
14176681,-72.312685,41.292086
14176723,-73.442278,41.065794
14176786,-73.250061,41.131996
14176853,-72.961712,41.257834
14177042,-73.405996,41.098465
14177060,-72.648138,41.28555
14177196,-73.548075,41.040263
14177219,-72.828524,41.269314
14177766,-73.281977,41.135783
14177864,-73.456935,41.056877
14177909,-72.367218,41.327275
14178121,-72.670447,41.278663
14178127,-72.896282,41.245616
14178157,-71.96738,41.354557
14178630,-72.105638,41.32492
14178811,-72.875267,41.314064
14178850,-72.89416,41.255203
14179008,-72.187499,41.356071
14179016,-72.05061,41.336473
14179104,-73.271998,41.150917
14179129,-72.818132,41.272025
14179179,-72.872075,41.268731
14179242,-72.323774,41.334195
14179298,-71.836074,41.37647
14179359,-72.949922,41.28637
14179448,-73.445458,41.073643
14179527,-72.907683,41.317913
14179737,-72.935939,41.288903
14179827,-71.967051,41.325678
14179993,-72.211696,41.296654
14180110,-73.132753,41.181588
14180223,-73.493963,41.05677
14180318,-73.438384,41.064382
14180404,-73.315773,41.122544
14180532,-73.057665,41.208289
14180742,-72.062101,41.322773
14180759,-71.945278,41.352695
14181047,-73.135499,41.177572
14181225,-72.593961,41.27046
14181367,-72.86317,41.245958
14181409,-72.233032,41.307562
14181464,-72.060734,41.321391
14181706,-73.415707,41.082728
14181892,-73.144775,41.176576
14181969,-73.269506,41.130261
14182074,-73.52336,41.041733
14182218,-72.209538,41.309925
14182263,-73.090373,41.187711
14182308,-72.417918,41.283119
14182367,-72.586304,41.284971
14182383,-73.228452,41.155111
14182489,-72.058851,41.323333
14182595,-72.813845,41.278056
14182745,-73.0216,41.211796
14183129,-73.194383,41.165519
14183164,-72.996856,41.229532
14183188,-73.247378,41.145756
14183299,-72.892774,41.247084
14183378,-73.22953,41.156416
14183422,-73.055183,41.210686
14183484,-72.385029,41.263045
14183551,-72.226769,41.300477
14183587,-72.894005,41.262323
14183689,-72.112812,41.318628
14183846,-72.951362,41.257162
14184017,-72.875484,41.314029
14184066,-72.811746,41.283292
14184542,-72.848287,41.258202
14184602,-72.39092,41.284126
14184607,-72.434244,41.280389
14184991,-73.442347,41.069495
14185209,-72.215128,41.318666
14185232,-72.55266,41.278085
14185278,-73.402153,41.09336
14185343,-73.40168,41.097776
14185489,-73.176574,41.180808
14185546,-73.188412,41.167758
14185892,-72.137415,41.340999
14186033,-72.891003,41.306377
14186034,-73.381872,41.103572
14186065,-72.894825,41.25288
14186074,-73.561988,41.019663
14186455,-73.242394,41.137224
14186457,-72.892278,41.25872
14186478,-72.47967,41.275017
14186543,-71.850638,41.358106
14186817,-72.944815,41.273328
14186922,-72.369235,41.300387
14186940,-73.135291,41.175462
14187194,-72.101522,41.350177
14187264,-72.848763,41.258034
14187389,-72.289862,41.287528
14187466,-72.807253,41.257993
14187509,-72.091548,41.327124
14187627,-72.579645,41.281471
14187784,-72.326658,41.314408
14187819,-72.001683,41.331361
14187857,-73.080107,41.197495
14187911,-71.843859,41.35824
14188068,-73.222356,41.163951
14188127,-73.13994,41.174483
14188133,-71.875287,41.360814
14188290,-73.26922,41.13399
14188594,-73.644751,41.007559
14188638,-72.525896,41.273009
14188649,-72.951362,41.257162
14188721,-72.007249,41.321868
14188822,-72.792022,41.261148
14189020,-72.95119,41.258931
14189126,-73.016017,41.208806
14189177,-73.370713,41.128045
14189234,-73.417448,41.102077
14189347,-73.223669,41.162312
14189871,-72.98704,41.236571
14189881,-73.024563,41.216901
14190139,-72.171796,41.334812
14190173,-72.403731,41.285776
14190328,-72.29206,41.289068
14190441,-72.896447,41.252272
14190674,-71.964605,41.357996
14190870,-72.848498,41.258731
14190874,-72.939006,41.263069
14191113,-72.137415,41.340999
14191115,-71.845334,41.343832
14191158,-73.566299,41.025011
14191322,-73.286272,41.137862
14191365,-73.348971,41.112313
14191414,-72.875426,41.245762
14191521,-73.023418,41.209876
14191642,-73.44049,41.066803
14191729,-73.199137,41.165645
14191980,-72.206599,41.315736
14192073,-73.399579,41.099168
14192217,-72.685862,41.268352
14192395,-72.094832,41.352886
14192397,-73.135864,41.182774
14192459,-73.359105,41.115677
14192462,-73.127279,41.183807
14192649,-71.963458,41.338373
14192720,-72.952993,41.290357
14192781,-72.966232,41.247079
14192813,-73.545358,41.061062
14192919,-73.521125,41.027229
14192945,-73.292094,41.129283
14193245,-73.260261,41.137191
14193375,-72.022089,41.341564
14193429,-73.363574,41.130339
14193548,-71.964038,41.356058
14193638,-73.086278,41.189882
14193647,-71.990119,41.325502
14193720,-73.117627,41.161246
14193766,-73.302143,41.126144
14193792,-73.232661,41.144006
14193935,-73.129275,41.154062
14194101,-73.222227,41.165418
14194270,-72.094984,41.313014
14194328,-73.59416,41.040544
14194554,-72.93093,41.294237
14194585,-73.090559,41.186218
14194757,-71.970448,41.356652
14194871,-72.306192,41.289342
14194916,-72.753112,41.267331
14194948,-73.531962,41.032552
14194958,-73.269085,41.13534
14195343,-71.835191,41.372076
14195360,-72.258703,41.29592
14195571,-72.099541,41.336161
14195575,-73.526181,41.034307
14195703,-72.446406,41.282462
14195736,-73.219128,41.154249
14195798,-71.880537,41.359612
14195892,-72.900165,41.268446
14195942,-73.503394,41.054343
14195953,-73.039372,41.215397
14195962,-73.360529,41.11616
14195986,-72.276643,41.289514
14196038,-72.627276,41.282018
14196110,-73.036382,41.207715
14196271,-72.520249,41.273048
14196286,-73.102037,41.196379
14196394,-73.02149,41.209065
14196514,-73.226256,41.149418
14196550,-73.133499,41.171606
14196689,-72.994954,41.245025
14196764,-73.562269,41.026136
14196820,-73.117111,41.215927
14197003,-72.402126,41.281268
14197039,-72.292534,41.286
14197239,-72.368645,41.289258
14197248,-73.44301,41.070644
14197515,-72.549204,41.280392
14197926,-72.817471,41.27819
14197931,-72.862389,41.254778
14198027,-73.127945,41.180813
14198064,-72.20325,41.316502
14198198,-73.127497,41.149367
14198397,-73.415408,41.088911
14198998,-72.834254,41.25328
14199225,-73.258895,41.123481
14199673,-72.650633,41.299291
14199759,-73.592074,41.030506
14199772,-72.094102,41.329629
14199982,-72.141315,41.313284
14210589,-72.9113,41.318339
14210615,-72.895566,41.305212
14210786,-73.157537,41.182496
14210916,-72.956058,41.266522
14210946,-72.916987,41.310976
14210990,-72.865742,41.279555
14211437,-73.295175,41.139268
14211868,-73.535988,41.054194
14211988,-73.048553,41.229451
14212398,-73.402955,41.103869
14212693,-73.536167,41.041645
14212744,-72.947791,41.278406
14212745,-73.203235,41.176726
14212895,-72.947144,41.277311
14213177,-73.402508,41.102809
14213182,-73.051633,41.228011
14213428,-72.95663,41.329391
14213564,-72.380798,41.289135
14214290,-72.946707,41.275117
14214671,-72.871408,41.280253
14214854,-72.376177,41.295081
14214858,-73.230556,41.172114
14214898,-72.902128,41.309155
14214965,-72.377834,41.292853
14215502,-73.594581,41.046219
14215744,-72.68242,41.282258
14215993,-72.771157,41.276463
14216372,-72.145548,41.348115
14216731,-73.539543,41.046283
14216965,-72.444442,41.285215
14217122,-73.534054,41.057445
14217277,-73.537282,41.056913
14217315,-72.031975,41.342901
14217851,-72.956758,41.260469
14218185,-73.420448,41.091332
14218358,-72.022998,41.350014
14218378,-73.592386,41.043225
14218543,-72.899802,41.33704
14218582,-73.219029,41.177705
14218923,-73.117913,41.212728
14218993,-72.956338,41.328713
14219493,-71.866585,41.362412
14219762,-73.0562,41.225779
14219984,-73.536059,41.056715
14220018,-73.355541,41.125649
14220191,-73.136653,41.19241
14220198,-73.365293,41.125436
14220330,-73.291649,41.137776
14220339,-73.53511,41.044529
14220341,-72.025884,41.345176
14220622,-73.454377,41.071595
14220631,-73.53495,41.054744
14220919,-73.049559,41.229798
14220984,-73.156714,41.182029
14221030,-72.946199,41.264747
14221037,-72.918536,41.305788
14221073,-72.617118,41.278279
14221128,-72.908293,41.322636
14221607,-73.536897,41.057803
14221989,-72.871849,41.282338
14222223,-73.213001,41.172818
14222370,-73.537936,41.043428
14222690,-72.911952,41.319306
14222902,-73.268565,41.145064
14223619,-72.940902,41.295897
14223731,-72.958033,41.329947
14223927,-72.947712,41.278546
14223944,-72.954257,41.273891
14224173,-73.062545,41.217792
14224332,-73.10997,41.197395
14224590,-73.118911,41.208703
14225475,-73.479055,41.065483
14225503,-72.862716,41.371058
14225774,-72.92529,41.304199
14225920,-73.216028,41.172534
14225929,-72.933108,41.2884
14226320,-72.937373,41.275148
14226898,-73.232931,41.167347
14226941,-73.521692,41.051769
14227034,-73.535728,41.044245
14227104,-73.538658,41.055726
14227131,-72.862716,41.371058
14227241,-73.269625,41.157086
14227324,-72.91559,41.301828
14227402,-73.535728,41.044245
14227780,-73.328987,41.132647
14227863,-72.022247,41.349024
14227879,-72.953049,41.269684
14228331,-72.915194,41.303657
14228388,-73.102766,41.196031
14228728,-73.269117,41.146784
14228807,-72.917232,41.308495
14228828,-73.000324,41.235112
14228954,-72.881917,41.284284
14228986,-72.931492,41.288222
14229131,-72.380972,41.287945
14229281,-72.44422,41.285403
14229514,-72.626798,41.28607
14229618,-72.91973,41.30297
14229686,-72.919853,41.305012
14230143,-73.298452,41.131682
14230193,-73.535711,41.055316
14230576,-73.000177,41.234369
14230795,-72.024957,41.344823
14230890,-73.163896,41.179429
14230924,-71.913227,41.357978
14230980,-73.165569,41.17646
14231105,-72.879172,41.277823
14231503,-73.529724,41.038068
14232216,-73.224622,41.168968
14232334,-73.167713,41.183185
14232831,-73.524278,41.044069
14233053,-72.943592,41.274532
14233339,-73.156122,41.181054
14233594,-73.636935,41.0089
14233747,-73.123511,41.202966
14234046,-73.525427,41.051864
14234358,-73.095626,41.191046
14234468,-73.411377,41.11858
14234469,-73.536168,41.055643
14234532,-72.946272,41.279015
14234536,-73.418828,41.097795
14234558,-73.134225,41.18685
14234674,-72.913108,41.320108
14234781,-73.542187,41.040954
14234841,-72.920771,41.305554
14234999,-73.180243,41.182451
14235136,-72.95663,41.329391
14235248,-72.929002,41.301163
14235344,-72.916822,41.306777
14235377,-72.949552,41.264241
14235402,-72.891756,41.306884
14235579,-72.930865,41.285497
14235831,-73.134171,41.186998
14236763,-72.901868,41.314828
14236809,-72.946827,41.275193
14237490,-72.955567,41.264448
14237654,-73.543743,41.059564
14237659,-73.526962,41.039663
14238115,-73.214192,41.175118
14238168,-73.130221,41.185064
14238243,-72.955965,41.268714
14238686,-72.874861,41.322371
14238834,-73.296223,41.139466
14239115,-72.962195,41.263677
14239478,-73.085305,41.193608
14240855,-73.540943,41.05077
14241125,-73.128058,41.191324
14241234,-72.815162,41.281921
14241362,-73.427554,41.079683
14241394,-73.613662,41.030693
14241531,-72.671558,41.285366
14241548,-72.938233,41.271262
14241556,-73.535055,41.044524
14241678,-73.330873,41.13195
14241772,-73.542011,41.058899
14242039,-73.476316,41.068489
14242285,-73.147359,41.182911
14242355,-73.107539,41.198651
14243371,-72.832012,41.270663
14243542,-72.875707,41.279986
14243605,-73.203643,41.17303
14243616,-73.119055,41.207176
14243645,-73.51561,41.043749
14243832,-72.957457,41.328521
14244146,-72.902791,41.313075
14244402,-73.536059,41.056715
14244602,-73.169673,41.182974
14244889,-72.908762,41.318414
14245187,-73.191794,41.184119
14245198,-72.951927,41.271921
14245282,-72.028717,41.343604
14245342,-73.268601,41.144483
14245551,-73.130367,41.185185
14245650,-73.090729,41.190061
14245770,-72.929002,41.301163
14246078,-73.29639,41.14182
14246410,-73.126971,41.200322
14246439,-73.542187,41.040954
14246621,-72.944031,41.275605
14247125,-72.949395,41.278726
14247251,-72.916476,41.309512
14247264,-73.537282,41.056913
14247472,-72.949761,41.268143
14248070,-73.542816,41.043328
14248186,-72.879157,41.284356
14248804,-72.496463,41.282387
14249149,-72.917347,41.303733
14249175,-72.919566,41.306351
14249333,-73.564707,41.037357
14249346,-73.536897,41.057803
14249540,-73.535728,41.044245
14249965,-72.918439,41.302816
14249966,-71.917412,41.358736
14250012,-72.863702,41.275728
14250227,-72.898463,41.331116
14250444,-72.951551,41.270973
14250546,-72.628488,41.285643
14250605,-72.937101,41.271533
14251041,-72.938903,41.272222
14251049,-72.920156,41.303955
14251076,-72.915372,41.320764
14251308,-72.912375,41.308783
14251470,-72.030604,41.342681
14251503,-72.027265,41.34465
14251652,-72.997465,41.233989
14251728,-72.884551,41.278928
14251862,-73.529885,41.037279
14252116,-72.929002,41.301163
14253318,-73.601076,41.042744
14253363,-72.145787,41.343237
14253675,-72.76917,41.282115
14253814,-72.949056,41.276714
14253864,-73.248506,41.156556
14253936,-73.189925,41.180382
14254407,-73.22005,41.177006
14254609,-72.027106,41.34545
14255036,-72.955727,41.265415
14255669,-72.922944,41.304705
14255719,-73.090298,41.190482
14255898,-73.224601,41.175131
14255950,-73.543743,41.059564
14256579,-73.085732,41.195619
14256710,-72.911144,41.317052
14257017,-72.819239,41.279352
14257055,-72.92584,41.305845
14257180,-73.364363,41.127768
14257216,-73.352686,41.126587
14257270,-72.953056,41.267486
14257366,-72.916215,41.303789
14257402,-72.816166,41.283346
14257814,-73.220758,41.176766
14257861,-72.932905,41.288229
14257936,-73.126807,41.200658
14258447,-73.092117,41.186834
14258933,-72.872788,41.280452
14259156,-73.529885,41.037279
14259250,-73.52529,41.038402
14259656,-72.956601,41.273963
14260014,-72.376177,41.295081
14260141,-72.59672,41.28299
14260562,-72.899521,41.308649
14260569,-73.182571,41.18574
14260843,-73.542187,41.040954
14261419,-73.160197,41.176881
14261673,-72.600401,41.275764
14261717,-73.083436,41.197137
14261725,-73.00105,41.233113
14261752,-72.063626,41.323733
14262130,-73.084058,41.194944
14262572,-73.224865,41.175631
14262738,-73.132672,41.189685
14262929,-73.177388,41.181886
14262935,-73.299966,41.132572
14263125,-72.892426,41.307227
14263179,-73.376952,41.119383
14263212,-72.924769,41.304674
14263225,-72.816166,41.283346
14263323,-73.15613,41.179661
14263457,-72.954224,41.265145
14263608,-73.186052,41.185937
14263899,-72.942409,41.272775
14264151,-73.132241,41.186936
14265239,-73.000901,41.235235
14265302,-73.59464,41.045656
14265874,-72.878387,41.277547
14265899,-73.248094,41.152403
14265971,-73.549037,41.03414
14266145,-73.543493,41.052603
14266785,-72.887106,41.366011
14267083,-73.197242,41.173355
14267180,-72.625628,41.284746
14267684,-73.15979,41.176373
14267909,-73.186052,41.185937
14268021,-72.955305,41.329393
14268027,-73.099277,41.200177
14268248,-71.8745,41.362068
14268394,-73.186052,41.185937
14268524,-72.920069,41.304809
14268697,-73.051277,41.227019
14268727,-72.022034,41.34892
14268849,-72.634283,41.284614
14268945,-73.5958,41.042786
14269017,-72.952293,41.268972
14269270,-73.198442,41.171474
14269544,-72.868802,41.278814
14269562,-73.108426,41.193496
14269812,-72.67899,41.282946
14269918,-73.162076,41.178206
14269998,-72.911565,41.31451
14270271,-72.939791,41.275788
14270272,-73.536059,41.056715
14270322,-73.522886,41.050804
14270712,-73.466719,41.063552
14270793,-73.5262,41.055533
14270827,-73.310781,41.126313
14271004,-72.835891,41.268214
14271038,-73.158749,41.181922
14271384,-72.91376,41.309938
14271448,-72.956395,41.259021
14271467,-73.18022,41.181349
14271521,-73.540512,41.056149
14271723,-73.418406,41.09813
14271760,-72.956547,41.259216
14272307,-72.938449,41.274735
14272313,-73.54012,41.058739
14272465,-72.954427,41.27051
14272590,-73.10896,41.195018
14272598,-72.592405,41.279364
14272712,-72.954611,41.260347
14272802,-73.189342,41.17928
14273251,-73.543493,41.052603
14273284,-73.176618,41.190028
14273454,-73.236911,41.160672
14274201,-72.912424,41.308375
14274697,-73.535988,41.054194
14274768,-73.169547,41.181991
14274781,-72.899692,41.311199
14274786,-72.916663,41.306655
14275054,-72.919423,41.302472
14275260,-72.922944,41.304705
14275286,-73.537282,41.056913
14275321,-73.203235,41.176726
14275764,-73.568816,41.034552
14275824,-73.543578,41.060307
14275850,-73.267884,41.167666
14276502,-72.956338,41.328713
14276864,-73.214898,41.184542
14276891,-73.215903,41.17476
14277122,-72.873404,41.330688
14277139,-73.564538,41.035559
14278266,-72.835781,41.26806
14278435,-72.951377,41.264773
14278536,-72.627115,41.285801
14278609,-72.04695,41.3464
14278677,-73.528595,41.038929
14278695,-73.229236,41.169239
14278983,-73.636616,41.008287
14279066,-72.898288,41.329709
14279071,-73.418568,41.101558
14279835,-73.05065,41.222933
14280016,-73.547903,41.066193
14280193,-73.059677,41.216081
14280399,-73.601259,41.041975
14280408,-73.634067,41.015005
14280428,-73.189342,41.17928
14280762,-73.136653,41.19241
14281008,-72.955371,41.329129
14281370,-72.951927,41.271921
14282193,-72.922671,41.306028
14282289,-73.155848,41.179362
14282299,-72.894272,41.307048
14282473,-72.913977,41.32103
14282674,-73.599451,41.043761
14282942,-73.533728,41.055576
14282951,-72.947385,41.264742
14283004,-72.922944,41.304705
14283109,-73.267686,41.156558
14283255,-73.534835,41.044503
14283293,-73.537079,41.04319
14283873,-72.632949,41.285046
14284001,-73.105491,41.195752
14284201,-73.230936,41.165102
14284283,-73.535055,41.044524
14284596,-72.92529,41.304199
14284819,-72.958033,41.329947
14284896,-72.377889,41.288626
14284976,-72.684781,41.284696
14285196,-73.267382,41.158873
14285233,-72.900357,41.308705
14285271,-73.269623,41.147668
14285369,-72.922944,41.304705
14285420,-72.676619,41.284109
14285532,-72.951839,41.260303
14285829,-73.131796,41.185211
14286003,-72.951234,41.26502
14286012,-73.17853,41.181934
14286067,-72.949056,41.276714
14287010,-73.536164,41.058386
14287111,-72.918439,41.302816
14287402,-73.103989,41.194417
14287871,-72.951056,41.269031
14288252,-73.542816,41.043328
14288447,-72.950868,41.261206
14288750,-73.270763,41.144947
14288881,-72.876888,41.273647
14289226,-72.919227,41.303796
14289322,-72.957181,41.260991
14289595,-73.603017,41.04161
14290015,-72.439475,41.282179
14290155,-72.950897,41.26378
14290279,-73.205485,41.173095
14290319,-72.90885,41.318079
14290357,-72.439554,41.287538
14290517,-73.300408,41.137102
14290730,-73.124836,41.192242
14290743,-73.217991,41.180948
14290882,-72.90188,41.314876
14291156,-73.103107,41.196815
14291513,-72.920069,41.304809
14291731,-72.769719,41.282145
14291808,-72.609116,41.281565
14291887,-73.215577,41.172096
14291929,-72.920069,41.304809
14291962,-73.162455,41.179513
14292018,-73.12054,41.204706
14292169,-73.263983,41.142387
14292252,-72.915302,41.319429
14292310,-73.603599,41.038164
14292559,-71.873274,41.362482
14292591,-73.049663,41.220217
14292718,-73.543743,41.059564
14293296,-73.219029,41.177705
14293629,-73.213462,41.170268
14293701,-73.08633,41.194017
14293775,-73.510331,41.041873
14293795,-72.86861,41.333528
14293981,-73.538355,41.056795
14294303,-72.92584,41.305845
14294416,-73.19684,41.172824
14294695,-72.608897,41.279571
14295059,-72.816504,41.280469
14295199,-72.899502,41.330661
14295983,-72.955473,41.271124
14296315,-73.130224,41.185711
14296711,-73.049632,41.223444
14296966,-73.189925,41.180382
14297343,-72.816166,41.283346
14297473,-73.530202,41.036341
14297768,-72.624278,41.277214
14297874,-72.257245,41.303815
14297964,-73.102218,41.200578
14298195,-73.125416,41.202048
14298348,-73.082692,41.198241
14298441,-72.911536,41.315202
14298442,-73.105532,41.194444
14298603,-73.1921,41.174673
14298757,-72.328322,41.324
14298871,-73.212715,41.174656
14298872,-72.181602,41.362781
14299042,-72.922944,41.304705
14299335,-73.531923,41.055855
14299382,-72.937627,41.273303
14299413,-72.888542,41.317444
14299648,-73.547811,41.066135
14299723,-72.941043,41.27633